file,cls,px
100_1.png,SRF+SHRM,5401
100_10.png,SRF+SHRM,7646
100_11.png,SRF+SHRM,7907
100_12.png,SRF+SHRM,7781
100_13.png,SRF+SHRM,7831
100_14.png,SRF+SHRM,8014
100_15.png,SRF+SHRM,7861
100_16.png,SRF+SHRM,8127
100_17.png,SRF+SHRM,6902
100_18.png,SRF+SHRM,7040
100_18.png,SRF+SHRM,49
100_19.png,SRF+SHRM,6511
100_19.png,SRF+SHRM,100
100_2.png,SRF+SHRM,6369
100_20.png,SRF+SHRM,5332
100_20.png,SRF+SHRM,114
100_21.png,SRF+SHRM,922
100_21.png,SRF+SHRM,1528
100_21.png,SRF+SHRM,249
100_21.png,SRF+SHRM,1011
100_21.png,SRF+SHRM,47
100_21.png,SRF+SHRM,653
100_22.png,SRF+SHRM,2113
100_22.png,SRF+SHRM,1373
100_22.png,SRF+SHRM,693
100_23.png,SRF+SHRM,445
100_23.png,SRF+SHRM,893
100_23.png,SRF+SHRM,1074
100_23.png,SRF+SHRM,1208
100_23.png,SRF+SHRM,462
100_24.png,SRF+SHRM,1482
100_24.png,SRF+SHRM,1691
100_24.png,SRF+SHRM,38
100_24.png,SRF+SHRM,811
100_24.png,SRF+SHRM,497
100_24.png,SRF+SHRM,227
100_3.png,SRF+SHRM,6753
100_4.png,SRF+SHRM,6975
100_5.png,SRF+SHRM,6885
100_5.png,SRF+SHRM,27
100_6.png,SRF+SHRM,6523
100_7.png,SRF+SHRM,6616
100_8.png,SRF+SHRM,6632
100_8.png,SRF+SHRM,746
100_9.png,SRF+SHRM,7569
101_1.png,SRF+SHRM,5221
101_10.png,SRF+SHRM,4804
101_11.png,SRF+SHRM,5188
101_11.png,SRF+SHRM,172
101_12.png,SRF+SHRM,5400
101_12.png,SRF+SHRM,399
101_13.png,SRF+SHRM,5035
101_13.png,SRF+SHRM,576
101_14.png,SRF+SHRM,4225
101_14.png,SRF+SHRM,874
101_15.png,SRF+SHRM,3935
101_15.png,SRF+SHRM,1060
101_16.png,SRF+SHRM,3158
101_16.png,SRF+SHRM,1289
101_17.png,SRF+SHRM,2895
101_17.png,SRF+SHRM,1744
101_18.png,SRF+SHRM,2592
101_18.png,SRF+SHRM,1538
101_19.png,SRF+SHRM,2178
101_19.png,SRF+SHRM,1932
101_2.png,SRF+SHRM,5225
101_20.png,SRF+SHRM,1903
101_20.png,SRF+SHRM,1795
101_21.png,SRF+SHRM,1791
101_21.png,SRF+SHRM,2020
101_22.png,SRF+SHRM,3884
101_23.png,SRF+SHRM,2845
101_23.png,SRF+SHRM,926
101_24.png,SRF+SHRM,2366
101_24.png,SRF+SHRM,888
101_25.png,SRF+SHRM,1796
101_25.png,SRF+SHRM,1008
101_3.png,SRF+SHRM,4560
101_3.png,SRF+SHRM,148
101_3.png,SRF+SHRM,112
101_4.png,SRF+SHRM,4918
101_4.png,SRF+SHRM,216
101_5.png,SRF+SHRM,4604
101_6.png,SRF+SHRM,4454
101_6.png,SRF+SHRM,47
101_7.png,SRF+SHRM,4480
101_8.png,SRF+SHRM,4631
101_9.png,SRF+SHRM,4809
102_1.png,SRF+SHRM,292
102_10.png,SRF+SHRM,13
103_1.png,SRF+SHRM,10139
103_1.png,SRF+SHRM,68
103_1.png,SRF+SHRM,160
103_1.png,SRF+SHRM,13
103_10.png,SRF+SHRM,18124
103_10.png,SRF+SHRM,298
103_10.png,SRF+SHRM,428
103_11.png,SRF+SHRM,17730
103_11.png,SRF+SHRM,519
103_11.png,SRF+SHRM,294
103_12.png,SRF+SHRM,18182
103_12.png,SRF+SHRM,81
103_12.png,SRF+SHRM,630
103_12.png,SRF+SHRM,128
103_13.png,SRF+SHRM,15864
103_13.png,SRF+SHRM,1105
103_13.png,SRF+SHRM,68
103_13.png,SRF+SHRM,99
103_14.png,SRF+SHRM,16743
103_14.png,SRF+SHRM,377
103_14.png,SRF+SHRM,75
103_14.png,SRF+SHRM,66
103_15.png,SRF+SHRM,14403
103_15.png,SRF+SHRM,1093
103_15.png,SRF+SHRM,527
103_15.png,SRF+SHRM,181
103_16.png,SRF+SHRM,9144
103_16.png,SRF+SHRM,1375
103_16.png,SRF+SHRM,237
103_16.png,SRF+SHRM,81
103_17.png,SRF+SHRM,9196
103_17.png,SRF+SHRM,172
103_17.png,SRF+SHRM,151
103_17.png,SRF+SHRM,341
103_17.png,SRF+SHRM,124
103_17.png,SRF+SHRM,21
103_18.png,SRF+SHRM,5818
103_18.png,SRF+SHRM,1191
103_18.png,SRF+SHRM,986
103_18.png,SRF+SHRM,352
103_19.png,SRF+SHRM,6903
103_19.png,SRF+SHRM,195
103_19.png,SRF+SHRM,1062
103_19.png,SRF+SHRM,629
103_2.png,SRF+SHRM,10795
103_2.png,SRF+SHRM,118
103_2.png,SRF+SHRM,208
103_20.png,SRF+SHRM,4849
103_20.png,SRF+SHRM,906
103_20.png,SRF+SHRM,960
103_21.png,SRF+SHRM,4141
103_21.png,SRF+SHRM,957
103_3.png,SRF+SHRM,11809
103_3.png,SRF+SHRM,137
103_3.png,SRF+SHRM,326
103_4.png,SRF+SHRM,12030
103_4.png,SRF+SHRM,108
103_4.png,SRF+SHRM,283
103_5.png,SRF+SHRM,13347
103_5.png,SRF+SHRM,217
103_5.png,SRF+SHRM,181
103_5.png,SRF+SHRM,25
103_6.png,SRF+SHRM,16053
103_6.png,SRF+SHRM,185
103_7.png,SRF+SHRM,15182
103_7.png,SRF+SHRM,336
103_7.png,SRF+SHRM,370
103_8.png,SRF+SHRM,16798
103_8.png,SRF+SHRM,404
103_8.png,SRF+SHRM,587
103_9.png,SRF+SHRM,18465
103_9.png,SRF+SHRM,424
103_9.png,SRF+SHRM,299
103_9.png,SRF+SHRM,69
103_9.png,SRF+SHRM,123
103_9.png,SRF+SHRM,12
104_10.png,SRF+SHRM,548
104_10.png,SRF+SHRM,53
104_11.png,SRF+SHRM,845
104_11.png,SRF+SHRM,397
104_12.png,SRF+SHRM,909
104_13.png,SRF+SHRM,1350
104_13.png,SRF+SHRM,536
104_14.png,SRF+SHRM,2141
104_14.png,SRF+SHRM,980
104_15.png,SRF+SHRM,2357
104_16.png,SRF+SHRM,2332
104_17.png,SRF+SHRM,3802
104_18.png,SRF+SHRM,4241
104_19.png,SRF+SHRM,2927
104_19.png,SRF+SHRM,1333
104_19.png,SRF+SHRM,152
104_20.png,SRF+SHRM,4434
104_21.png,SRF+SHRM,4644
104_22.png,SRF+SHRM,2670
104_22.png,SRF+SHRM,1575
104_23.png,SRF+SHRM,2848
104_23.png,SRF+SHRM,1819
104_24.png,SRF+SHRM,2492
104_24.png,SRF+SHRM,1462
104_24.png,SRF+SHRM,130
104_25.png,SRF+SHRM,4820
104_25.png,SRF+SHRM,84
104_25.png,SRF+SHRM,380
104_25.png,SRF+SHRM,147
104_26.png,SRF+SHRM,4851
104_26.png,SRF+SHRM,179
104_26.png,SRF+SHRM,123
104_26.png,SRF+SHRM,97
104_27.png,SRF+SHRM,4974
104_27.png,SRF+SHRM,428
104_27.png,SRF+SHRM,279
104_28.png,SRF+SHRM,4742
104_29.png,SRF+SHRM,4317
104_30.png,SRF+SHRM,4121
104_31.png,SRF+SHRM,4412
104_32.png,SRF+SHRM,4463
104_33.png,SRF+SHRM,4422
104_34.png,SRF+SHRM,4970
104_35.png,SRF+SHRM,22
104_35.png,SRF+SHRM,5231
104_36.png,SRF+SHRM,5380
104_37.png,SRF+SHRM,5040
104_38.png,SRF+SHRM,470
104_38.png,SRF+SHRM,5638
104_39.png,SRF+SHRM,5572
104_40.png,SRF+SHRM,4918
104_40.png,SRF+SHRM,529
104_5.png,SRF+SHRM,381
104_6.png,SRF+SHRM,327
104_6.png,SRF+SHRM,405
104_7.png,SRF+SHRM,122
104_8.png,SRF+SHRM,102
104_9.png,SRF+SHRM,202
105_10.png,SRF+SHRM,324
105_10.png,SRF+SHRM,2268
105_11.png,SRF+SHRM,484
105_11.png,SRF+SHRM,3521
105_11.png,SRF+SHRM,273
105_12.png,SRF+SHRM,5874
105_12.png,SRF+SHRM,388
105_12.png,SRF+SHRM,200
105_13.png,SRF+SHRM,7999
105_13.png,SRF+SHRM,566
105_13.png,SRF+SHRM,264
105_14.png,SRF+SHRM,11744
105_14.png,SRF+SHRM,154
105_15.png,SRF+SHRM,12906
105_16.png,SRF+SHRM,12583
105_16.png,SRF+SHRM,88
105_17.png,SRF+SHRM,12207
105_17.png,SRF+SHRM,170
105_18.png,SRF+SHRM,13107
105_18.png,SRF+SHRM,78
105_19.png,SRF+SHRM,10985
105_20.png,SRF+SHRM,10900
105_21.png,SRF+SHRM,11727
105_21.png,SRF+SHRM,186
105_22.png,SRF+SHRM,10244
105_22.png,SRF+SHRM,252
105_23.png,SRF+SHRM,7400
105_23.png,SRF+SHRM,97
105_24.png,SRF+SHRM,6000
105_25.png,SRF+SHRM,4735
105_26.png,SRF+SHRM,545
105_26.png,SRF+SHRM,1289
105_27.png,SRF+SHRM,948
105_27.png,SRF+SHRM,1087
105_28.png,SRF+SHRM,1493
105_28.png,SRF+SHRM,1405
105_29.png,SRF+SHRM,3961
105_30.png,SRF+SHRM,2895
105_5.png,SRF+SHRM,129
105_6.png,SRF+SHRM,250
105_6.png,SRF+SHRM,307
105_7.png,SRF+SHRM,570
105_8.png,SRF+SHRM,605
105_9.png,SRF+SHRM,411
105_9.png,SRF+SHRM,257
105_9.png,SRF+SHRM,1229
106_1.png,SRF+SHRM,383
106_10.png,SRF+SHRM,4325
106_11.png,SRF+SHRM,5122
106_11.png,SRF+SHRM,58
106_12.png,SRF+SHRM,5807
106_13.png,SRF+SHRM,5704
106_14.png,SRF+SHRM,5999
106_16.png,SRF+SHRM,177
106_17.png,SRF+SHRM,759
106_18.png,SRF+SHRM,1270
106_19.png,SRF+SHRM,960
106_19.png,SRF+SHRM,169
106_2.png,SRF+SHRM,509
106_2.png,SRF+SHRM,32
106_20.png,SRF+SHRM,769
106_21.png,SRF+SHRM,958
106_22.png,SRF+SHRM,1077
106_23.png,SRF+SHRM,1782
106_24.png,SRF+SHRM,1764
106_25.png,SRF+SHRM,1310
106_26.png,SRF+SHRM,1225
106_27.png,SRF+SHRM,795
106_28.png,SRF+SHRM,896
106_3.png,SRF+SHRM,484
106_4.png,SRF+SHRM,368
106_4.png,SRF+SHRM,47
106_5.png,SRF+SHRM,112
106_5.png,SRF+SHRM,89
106_6.png,SRF+SHRM,455
106_7.png,SRF+SHRM,811
106_8.png,SRF+SHRM,2300
106_9.png,SRF+SHRM,3494
107_1.png,SRF+SHRM,348
107_1.png,SRF+SHRM,2221
107_10.png,SRF+SHRM,10786
107_11.png,SRF+SHRM,10919
107_12.png,SRF+SHRM,11923
107_13.png,SRF+SHRM,12004
107_14.png,SRF+SHRM,11820
107_15.png,SRF+SHRM,12562
107_16.png,SRF+SHRM,11863
107_17.png,SRF+SHRM,11087
107_18.png,SRF+SHRM,10670
107_19.png,SRF+SHRM,9607
107_2.png,SRF+SHRM,140
107_2.png,SRF+SHRM,3026
107_20.png,SRF+SHRM,9112
107_21.png,SRF+SHRM,8321
107_22.png,SRF+SHRM,7787
107_23.png,SRF+SHRM,6816
107_24.png,SRF+SHRM,7312
107_25.png,SRF+SHRM,7387
107_26.png,SRF+SHRM,7129
107_27.png,SRF+SHRM,6773
107_28.png,SRF+SHRM,602
107_28.png,SRF+SHRM,4703
107_29.png,SRF+SHRM,569
107_29.png,SRF+SHRM,4514
107_3.png,SRF+SHRM,3524
107_30.png,SRF+SHRM,2886
107_31.png,SRF+SHRM,1847
107_4.png,SRF+SHRM,3709
107_5.png,SRF+SHRM,4369
107_6.png,SRF+SHRM,4967
107_7.png,SRF+SHRM,5907
107_7.png,SRF+SHRM,2
107_8.png,SRF+SHRM,7498
107_9.png,SRF+SHRM,9578
108_12.png,SRF+SHRM,2176
108_13.png,SRF+SHRM,3997
108_14.png,SRF+SHRM,4589
108_14.png,SRF+SHRM,926
108_15.png,SRF+SHRM,8004
108_16.png,SRF+SHRM,5369
108_17.png,SRF+SHRM,703
108_17.png,SRF+SHRM,3239
108_18.png,SRF+SHRM,3786
108_18.png,SRF+SHRM,1033
108_19.png,SRF+SHRM,2186
108_19.png,SRF+SHRM,1086
108_20.png,SRF+SHRM,612
109_10.png,SRF+SHRM,1555
109_11.png,SRF+SHRM,1001
109_11.png,SRF+SHRM,1564
109_12.png,SRF+SHRM,1220
109_12.png,SRF+SHRM,1387
109_13.png,SRF+SHRM,1618
109_13.png,SRF+SHRM,1481
109_14.png,SRF+SHRM,1369
109_14.png,SRF+SHRM,1740
109_15.png,SRF+SHRM,2017
109_16.png,SRF+SHRM,2330
109_17.png,SRF+SHRM,2762
109_18.png,SRF+SHRM,3057
109_19.png,SRF+SHRM,3251
109_20.png,SRF+SHRM,3240
109_21.png,SRF+SHRM,3519
109_22.png,SRF+SHRM,2541
109_23.png,SRF+SHRM,2255
109_24.png,SRF+SHRM,2163
109_25.png,SRF+SHRM,461
109_5.png,SRF+SHRM,152
109_6.png,SRF+SHRM,758
109_7.png,SRF+SHRM,1083
109_8.png,SRF+SHRM,1304
109_9.png,SRF+SHRM,1429
10_10.png,SRF+SHRM,128
10_5.png,SRF+SHRM,1159
10_6.png,SRF+SHRM,1246
10_7.png,SRF+SHRM,602
10_8.png,SRF+SHRM,405
10_9.png,SRF+SHRM,312
110_1.png,SRF+SHRM,16401
110_1.png,SRF+SHRM,279
110_1.png,SRF+SHRM,1016
110_1.png,SRF+SHRM,435
110_10.png,SRF+SHRM,11943
110_10.png,SRF+SHRM,400
110_11.png,SRF+SHRM,12344
110_12.png,SRF+SHRM,11082
110_13.png,SRF+SHRM,9901
110_2.png,SRF+SHRM,17543
110_2.png,SRF+SHRM,413
110_3.png,SRF+SHRM,18939
110_4.png,SRF+SHRM,18947
110_5.png,SRF+SHRM,15441
110_5.png,SRF+SHRM,61
110_5.png,SRF+SHRM,1225
110_6.png,SRF+SHRM,16125
110_7.png,SRF+SHRM,15813
110_8.png,SRF+SHRM,13284
110_8.png,SRF+SHRM,1095
110_9.png,SRF+SHRM,12154
110_9.png,SRF+SHRM,1213
111_10.png,SRF+SHRM,785
111_10.png,SRF+SHRM,610
111_11.png,SRF+SHRM,578
111_11.png,SRF+SHRM,787
111_12.png,SRF+SHRM,608
111_12.png,SRF+SHRM,1006
111_13.png,SRF+SHRM,709
111_13.png,SRF+SHRM,1333
111_14.png,SRF+SHRM,4299
111_14.png,SRF+SHRM,644
111_15.png,SRF+SHRM,5245
111_15.png,SRF+SHRM,675
111_16.png,SRF+SHRM,6364
111_16.png,SRF+SHRM,714
111_17.png,SRF+SHRM,8812
111_17.png,SRF+SHRM,676
111_18.png,SRF+SHRM,6899
111_18.png,SRF+SHRM,859
111_18.png,SRF+SHRM,1985
111_19.png,SRF+SHRM,7555
111_19.png,SRF+SHRM,1278
111_19.png,SRF+SHRM,3142
111_20.png,SRF+SHRM,2406
111_20.png,SRF+SHRM,1095
111_20.png,SRF+SHRM,5588
111_21.png,SRF+SHRM,5838
111_21.png,SRF+SHRM,1181
111_21.png,SRF+SHRM,2632
111_22.png,SRF+SHRM,8975
111_22.png,SRF+SHRM,1107
111_23.png,SRF+SHRM,9475
111_23.png,SRF+SHRM,1652
111_24.png,SRF+SHRM,8895
111_24.png,SRF+SHRM,1579
111_25.png,SRF+SHRM,11675
111_26.png,SRF+SHRM,8674
111_27.png,SRF+SHRM,8454
111_28.png,SRF+SHRM,8563
111_29.png,SRF+SHRM,8521
111_3.png,SRF+SHRM,240
111_30.png,SRF+SHRM,8335
111_4.png,SRF+SHRM,334
111_4.png,SRF+SHRM,318
111_5.png,SRF+SHRM,481
111_5.png,SRF+SHRM,351
111_6.png,SRF+SHRM,564
111_6.png,SRF+SHRM,474
111_7.png,SRF+SHRM,367
111_7.png,SRF+SHRM,321
111_8.png,SRF+SHRM,395
111_8.png,SRF+SHRM,443
111_9.png,SRF+SHRM,583
111_9.png,SRF+SHRM,422
112_1.png,SRF+SHRM,5332
112_10.png,SRF+SHRM,4264
112_11.png,SRF+SHRM,2882
112_11.png,SRF+SHRM,629
112_12.png,SRF+SHRM,699
112_12.png,SRF+SHRM,1835
112_12.png,SRF+SHRM,971
112_12.png,SRF+SHRM,417
112_13.png,SRF+SHRM,3364
112_13.png,SRF+SHRM,694
112_13.png,SRF+SHRM,398
112_14.png,SRF+SHRM,4229
112_15.png,SRF+SHRM,4122
112_15.png,SRF+SHRM,1027
112_16.png,SRF+SHRM,6263
112_16.png,SRF+SHRM,273
112_16.png,SRF+SHRM,473
112_17.png,SRF+SHRM,4278
112_18.png,SRF+SHRM,5261
112_19.png,SRF+SHRM,4378
112_19.png,SRF+SHRM,463
112_19.png,SRF+SHRM,807
112_2.png,SRF+SHRM,5355
112_20.png,SRF+SHRM,4724
112_21.png,SRF+SHRM,4476
112_22.png,SRF+SHRM,4126
112_23.png,SRF+SHRM,4156
112_3.png,SRF+SHRM,6174
112_4.png,SRF+SHRM,5497
112_5.png,SRF+SHRM,4925
112_5.png,SRF+SHRM,98
112_6.png,SRF+SHRM,5325
112_7.png,SRF+SHRM,4381
112_8.png,SRF+SHRM,4134
112_9.png,SRF+SHRM,4355
113_7.png,SRF+SHRM,463
114_1.png,SRF+SHRM,756
114_10.png,SRF+SHRM,885
114_11.png,SRF+SHRM,744
114_12.png,SRF+SHRM,905
114_13.png,SRF+SHRM,997
114_14.png,SRF+SHRM,2100
114_15.png,SRF+SHRM,1390
114_16.png,SRF+SHRM,1251
114_17.png,SRF+SHRM,1109
114_18.png,SRF+SHRM,891
114_2.png,SRF+SHRM,1231
114_3.png,SRF+SHRM,1133
114_5.png,SRF+SHRM,1169
114_6.png,SRF+SHRM,965
114_7.png,SRF+SHRM,1135
114_8.png,SRF+SHRM,1127
114_9.png,SRF+SHRM,766
115_1.png,SRF+SHRM,864
115_1.png,SRF+SHRM,220
115_10.png,SRF+SHRM,879
115_10.png,SRF+SHRM,6669
115_10.png,SRF+SHRM,2542
115_10.png,SRF+SHRM,830
115_11.png,SRF+SHRM,10309
115_11.png,SRF+SHRM,4483
115_11.png,SRF+SHRM,580
115_12.png,SRF+SHRM,11146
115_12.png,SRF+SHRM,5955
115_12.png,SRF+SHRM,1007
115_13.png,SRF+SHRM,11694
115_13.png,SRF+SHRM,5187
115_13.png,SRF+SHRM,951
115_14.png,SRF+SHRM,11238
115_14.png,SRF+SHRM,2024
115_14.png,SRF+SHRM,5614
115_15.png,SRF+SHRM,22915
115_16.png,SRF+SHRM,20513
115_2.png,SRF+SHRM,1949
115_2.png,SRF+SHRM,404
115_3.png,SRF+SHRM,75
115_3.png,SRF+SHRM,2725
115_3.png,SRF+SHRM,498
115_4.png,SRF+SHRM,231
115_4.png,SRF+SHRM,2082
115_4.png,SRF+SHRM,854
115_5.png,SRF+SHRM,116
115_5.png,SRF+SHRM,2457
115_5.png,SRF+SHRM,1025
115_6.png,SRF+SHRM,308
115_6.png,SRF+SHRM,2584
115_6.png,SRF+SHRM,1070
115_6.png,SRF+SHRM,240
115_7.png,SRF+SHRM,635
115_7.png,SRF+SHRM,2936
115_7.png,SRF+SHRM,1351
115_7.png,SRF+SHRM,512
115_8.png,SRF+SHRM,4332
115_8.png,SRF+SHRM,1664
115_8.png,SRF+SHRM,614
115_9.png,SRF+SHRM,5632
115_9.png,SRF+SHRM,457
115_9.png,SRF+SHRM,2985
116_10.png,SRF+SHRM,1482
116_11.png,SRF+SHRM,517
116_11.png,SRF+SHRM,545
116_12.png,SRF+SHRM,504
116_12.png,SRF+SHRM,1226
116_13.png,SRF+SHRM,826
116_14.png,SRF+SHRM,587
116_5.png,SRF+SHRM,189
116_6.png,SRF+SHRM,186
116_7.png,SRF+SHRM,448
116_8.png,SRF+SHRM,1305
116_9.png,SRF+SHRM,1305
117_10.png,SRF+SHRM,691
117_10.png,SRF+SHRM,173
117_11.png,SRF+SHRM,781
117_11.png,SRF+SHRM,551
117_12.png,SRF+SHRM,784
117_12.png,SRF+SHRM,537
117_13.png,SRF+SHRM,831
117_13.png,SRF+SHRM,600
117_14.png,SRF+SHRM,688
117_14.png,SRF+SHRM,229
117_14.png,SRF+SHRM,26
117_14.png,SRF+SHRM,35
117_15.png,SRF+SHRM,569
117_16.png,SRF+SHRM,449
117_16.png,SRF+SHRM,538
117_16.png,SRF+SHRM,610
117_17.png,SRF+SHRM,849
117_17.png,SRF+SHRM,367
117_17.png,SRF+SHRM,545
117_18.png,SRF+SHRM,1493
117_18.png,SRF+SHRM,476
117_19.png,SRF+SHRM,1177
117_19.png,SRF+SHRM,282
117_20.png,SRF+SHRM,1747
117_20.png,SRF+SHRM,326
117_21.png,SRF+SHRM,339
117_21.png,SRF+SHRM,856
117_22.png,SRF+SHRM,850
117_22.png,SRF+SHRM,394
117_22.png,SRF+SHRM,242
117_23.png,SRF+SHRM,534
117_23.png,SRF+SHRM,629
117_23.png,SRF+SHRM,378
117_24.png,SRF+SHRM,599
117_24.png,SRF+SHRM,207
117_25.png,SRF+SHRM,186
117_25.png,SRF+SHRM,218
117_25.png,SRF+SHRM,137
117_25.png,SRF+SHRM,295
117_5.png,SRF+SHRM,223
117_6.png,SRF+SHRM,274
117_6.png,SRF+SHRM,194
117_7.png,SRF+SHRM,563
117_8.png,SRF+SHRM,563
117_9.png,SRF+SHRM,743
118_1.png,SRF+SHRM,493
118_1.png,SRF+SHRM,73
118_10.png,SRF+SHRM,1261
118_11.png,SRF+SHRM,848
118_13.png,SRF+SHRM,911
118_14.png,SRF+SHRM,631
118_14.png,SRF+SHRM,1147
118_2.png,SRF+SHRM,371
118_9.png,SRF+SHRM,1961
119_10.png,SRF+SHRM,2572
119_11.png,SRF+SHRM,917
119_12.png,SRF+SHRM,129
119_12.png,SRF+SHRM,990
119_13.png,SRF+SHRM,813
119_14.png,SRF+SHRM,255
119_19.png,SRF+SHRM,614
119_4.png,SRF+SHRM,267
119_5.png,SRF+SHRM,645
119_6.png,SRF+SHRM,742
119_7.png,SRF+SHRM,1037
119_7.png,SRF+SHRM,882
119_8.png,SRF+SHRM,792
119_8.png,SRF+SHRM,1003
119_9.png,SRF+SHRM,2345
11_1.png,SRF+SHRM,597
11_1.png,SRF+SHRM,166
11_10.png,SRF+SHRM,2523
11_10.png,SRF+SHRM,90
11_11.png,SRF+SHRM,2322
11_12.png,SRF+SHRM,2791
11_13.png,SRF+SHRM,1179
11_2.png,SRF+SHRM,962
11_2.png,SRF+SHRM,179
11_3.png,SRF+SHRM,853
11_3.png,SRF+SHRM,259
11_4.png,SRF+SHRM,1247
11_4.png,SRF+SHRM,350
11_5.png,SRF+SHRM,1159
11_5.png,SRF+SHRM,414
11_6.png,SRF+SHRM,1755
11_7.png,SRF+SHRM,1920
11_8.png,SRF+SHRM,2331
11_9.png,SRF+SHRM,2529
120_10.png,SRF+SHRM,7010
120_11.png,SRF+SHRM,7681
120_12.png,SRF+SHRM,9844
120_13.png,SRF+SHRM,9860
120_14.png,SRF+SHRM,11161
120_15.png,SRF+SHRM,12363
120_16.png,SRF+SHRM,14889
120_17.png,SRF+SHRM,17810
120_18.png,SRF+SHRM,18519
120_19.png,SRF+SHRM,19381
120_19.png,SRF+SHRM,1638
120_2.png,SRF+SHRM,150
120_20.png,SRF+SHRM,21898
120_21.png,SRF+SHRM,26244
120_3.png,SRF+SHRM,451
120_4.png,SRF+SHRM,1745
120_5.png,SRF+SHRM,4004
120_6.png,SRF+SHRM,132
120_6.png,SRF+SHRM,3394
120_7.png,SRF+SHRM,124
120_7.png,SRF+SHRM,3800
120_8.png,SRF+SHRM,4717
120_9.png,SRF+SHRM,5615
121_10.png,SRF+SHRM,6254
121_11.png,SRF+SHRM,6561
121_12.png,SRF+SHRM,7088
121_13.png,SRF+SHRM,7338
121_14.png,SRF+SHRM,7099
121_14.png,SRF+SHRM,38
121_15.png,SRF+SHRM,6961
121_16.png,SRF+SHRM,6926
121_17.png,SRF+SHRM,6951
121_18.png,SRF+SHRM,9334
121_19.png,SRF+SHRM,9242
121_20.png,SRF+SHRM,9606
121_21.png,SRF+SHRM,9064
121_22.png,SRF+SHRM,9788
121_23.png,SRF+SHRM,9356
121_24.png,SRF+SHRM,7556
121_24.png,SRF+SHRM,2641
121_25.png,SRF+SHRM,7976
121_25.png,SRF+SHRM,2516
121_26.png,SRF+SHRM,8383
121_26.png,SRF+SHRM,1728
121_27.png,SRF+SHRM,8762
121_27.png,SRF+SHRM,1583
121_28.png,SRF+SHRM,8705
121_28.png,SRF+SHRM,1023
121_3.png,SRF+SHRM,434
121_3.png,SRF+SHRM,47
121_4.png,SRF+SHRM,1467
121_5.png,SRF+SHRM,1542
121_6.png,SRF+SHRM,2228
121_7.png,SRF+SHRM,3876
121_8.png,SRF+SHRM,5097
121_9.png,SRF+SHRM,5921
122_12.png,SRF+SHRM,1040
122_13.png,SRF+SHRM,1483
122_14.png,SRF+SHRM,1720
122_15.png,SRF+SHRM,3443
122_16.png,SRF+SHRM,3662
122_17.png,SRF+SHRM,5014
122_18.png,SRF+SHRM,3488
122_19.png,SRF+SHRM,3902
122_20.png,SRF+SHRM,3816
122_21.png,SRF+SHRM,3408
122_22.png,SRF+SHRM,2907
122_23.png,SRF+SHRM,2918
122_24.png,SRF+SHRM,2916
122_25.png,SRF+SHRM,2314
122_26.png,SRF+SHRM,1856
122_27.png,SRF+SHRM,1656
122_3.png,SRF+SHRM,457
122_30.png,SRF+SHRM,1511
122_4.png,SRF+SHRM,457
122_5.png,SRF+SHRM,441
122_6.png,SRF+SHRM,805
122_7.png,SRF+SHRM,885
122_8.png,SRF+SHRM,975
122_9.png,SRF+SHRM,993
123_10.png,SRF+SHRM,9700
123_11.png,SRF+SHRM,11252
123_12.png,SRF+SHRM,12584
123_13.png,SRF+SHRM,13633
123_14.png,SRF+SHRM,13804
123_15.png,SRF+SHRM,13417
123_16.png,SRF+SHRM,13023
123_17.png,SRF+SHRM,11591
123_18.png,SRF+SHRM,10394
123_19.png,SRF+SHRM,10072
123_20.png,SRF+SHRM,10493
123_21.png,SRF+SHRM,8942
123_22.png,SRF+SHRM,8305
123_23.png,SRF+SHRM,7267
123_24.png,SRF+SHRM,6119
123_25.png,SRF+SHRM,4819
123_26.png,SRF+SHRM,3922
123_27.png,SRF+SHRM,1104
123_28.png,SRF+SHRM,792
123_4.png,SRF+SHRM,927
123_5.png,SRF+SHRM,1551
123_6.png,SRF+SHRM,3008
123_7.png,SRF+SHRM,5117
123_8.png,SRF+SHRM,8283
123_9.png,SRF+SHRM,9468
124_1.png,SRF+SHRM,2062
124_1.png,SRF+SHRM,1013
124_10.png,SRF+SHRM,9083
124_10.png,SRF+SHRM,955
124_11.png,SRF+SHRM,10016
124_11.png,SRF+SHRM,903
124_12.png,SRF+SHRM,12544
124_12.png,SRF+SHRM,1175
124_13.png,SRF+SHRM,17745
124_14.png,SRF+SHRM,18848
124_15.png,SRF+SHRM,17929
124_16.png,SRF+SHRM,15730
124_17.png,SRF+SHRM,13135
124_17.png,SRF+SHRM,779
124_18.png,SRF+SHRM,9696
124_18.png,SRF+SHRM,394
124_19.png,SRF+SHRM,8520
124_19.png,SRF+SHRM,436
124_2.png,SRF+SHRM,4864
124_20.png,SRF+SHRM,8430
124_20.png,SRF+SHRM,361
124_21.png,SRF+SHRM,338
124_22.png,SRF+SHRM,163
124_22.png,SRF+SHRM,78
124_22.png,SRF+SHRM,156
124_24.png,SRF+SHRM,88
124_25.png,SRF+SHRM,453
124_25.png,SRF+SHRM,244
124_26.png,SRF+SHRM,1277
124_3.png,SRF+SHRM,4586
124_3.png,SRF+SHRM,757
124_4.png,SRF+SHRM,4311
124_4.png,SRF+SHRM,626
124_5.png,SRF+SHRM,4382
124_5.png,SRF+SHRM,468
124_6.png,SRF+SHRM,4072
124_6.png,SRF+SHRM,264
124_7.png,SRF+SHRM,4591
124_7.png,SRF+SHRM,384
124_8.png,SRF+SHRM,4005
124_8.png,SRF+SHRM,2255
124_8.png,SRF+SHRM,507
124_9.png,SRF+SHRM,5868
124_9.png,SRF+SHRM,1879
124_9.png,SRF+SHRM,654
125_11.png,SRF+SHRM,1529
125_12.png,SRF+SHRM,1967
125_13.png,SRF+SHRM,1817
125_14.png,SRF+SHRM,1371
125_16.png,SRF+SHRM,232
125_4.png,SRF+SHRM,138
125_5.png,SRF+SHRM,369
125_6.png,SRF+SHRM,1168
125_7.png,SRF+SHRM,1390
125_8.png,SRF+SHRM,2864
125_9.png,SRF+SHRM,2258
126_10.png,SRF+SHRM,692
126_10.png,SRF+SHRM,1588
126_10.png,SRF+SHRM,3390
126_11.png,SRF+SHRM,2385
126_11.png,SRF+SHRM,80
126_11.png,SRF+SHRM,3227
126_12.png,SRF+SHRM,105
126_12.png,SRF+SHRM,2423
126_12.png,SRF+SHRM,3265
126_13.png,SRF+SHRM,2002
126_13.png,SRF+SHRM,3479
126_14.png,SRF+SHRM,3235
126_14.png,SRF+SHRM,3479
126_15.png,SRF+SHRM,7688
126_16.png,SRF+SHRM,6455
126_17.png,SRF+SHRM,8192
126_18.png,SRF+SHRM,7333
126_18.png,SRF+SHRM,1234
126_19.png,SRF+SHRM,6632
126_19.png,SRF+SHRM,813
126_20.png,SRF+SHRM,2532
126_20.png,SRF+SHRM,4246
126_20.png,SRF+SHRM,754
126_21.png,SRF+SHRM,1317
126_21.png,SRF+SHRM,4037
126_21.png,SRF+SHRM,1441
126_3.png,SRF+SHRM,47
126_4.png,SRF+SHRM,921
126_5.png,SRF+SHRM,619
126_5.png,SRF+SHRM,731
126_6.png,SRF+SHRM,848
126_7.png,SRF+SHRM,1832
126_7.png,SRF+SHRM,1582
126_8.png,SRF+SHRM,2623
126_8.png,SRF+SHRM,2163
126_9.png,SRF+SHRM,414
126_9.png,SRF+SHRM,1504
126_9.png,SRF+SHRM,2967
127_10.png,SRF+SHRM,5845
127_11.png,SRF+SHRM,3821
127_11.png,SRF+SHRM,1132
127_12.png,SRF+SHRM,3534
127_12.png,SRF+SHRM,742
127_13.png,SRF+SHRM,3573
127_13.png,SRF+SHRM,397
127_14.png,SRF+SHRM,3391
127_14.png,SRF+SHRM,621
127_15.png,SRF+SHRM,243
127_15.png,SRF+SHRM,3671
127_15.png,SRF+SHRM,620
127_16.png,SRF+SHRM,3662
127_16.png,SRF+SHRM,909
127_17.png,SRF+SHRM,3594
127_17.png,SRF+SHRM,866
127_18.png,SRF+SHRM,4173
127_18.png,SRF+SHRM,954
127_19.png,SRF+SHRM,4643
127_19.png,SRF+SHRM,1161
127_20.png,SRF+SHRM,4596
127_20.png,SRF+SHRM,1347
127_21.png,SRF+SHRM,5918
127_21.png,SRF+SHRM,1504
127_22.png,SRF+SHRM,5975
127_22.png,SRF+SHRM,1819
127_23.png,SRF+SHRM,6525
127_23.png,SRF+SHRM,2029
127_24.png,SRF+SHRM,4869
127_24.png,SRF+SHRM,3684
127_25.png,SRF+SHRM,8699
127_26.png,SRF+SHRM,9356
127_27.png,SRF+SHRM,8304
127_28.png,SRF+SHRM,7665
127_29.png,SRF+SHRM,6319
127_30.png,SRF+SHRM,4816
127_31.png,SRF+SHRM,1807
127_4.png,SRF+SHRM,1443
127_5.png,SRF+SHRM,2749
127_6.png,SRF+SHRM,3281
127_7.png,SRF+SHRM,3539
127_7.png,SRF+SHRM,930
127_8.png,SRF+SHRM,5554
127_9.png,SRF+SHRM,6712
128_11.png,SRF+SHRM,992
128_12.png,SRF+SHRM,408
128_13.png,SRF+SHRM,319
128_14.png,SRF+SHRM,478
128_7.png,SRF+SHRM,61
128_8.png,SRF+SHRM,711
128_9.png,SRF+SHRM,831
129_10.png,SRF+SHRM,6700
129_11.png,SRF+SHRM,5941
129_12.png,SRF+SHRM,4744
129_12.png,SRF+SHRM,1292
129_13.png,SRF+SHRM,4850
129_13.png,SRF+SHRM,794
129_14.png,SRF+SHRM,1235
129_14.png,SRF+SHRM,64
129_14.png,SRF+SHRM,315
129_14.png,SRF+SHRM,391
129_15.png,SRF+SHRM,144
129_15.png,SRF+SHRM,217
129_16.png,SRF+SHRM,250
129_16.png,SRF+SHRM,166
129_17.png,SRF+SHRM,400
129_17.png,SRF+SHRM,921
129_17.png,SRF+SHRM,204
129_18.png,SRF+SHRM,392
129_18.png,SRF+SHRM,310
129_19.png,SRF+SHRM,461
129_19.png,SRF+SHRM,1495
129_20.png,SRF+SHRM,548
129_21.png,SRF+SHRM,562
129_21.png,SRF+SHRM,2040
129_21.png,SRF+SHRM,117
129_22.png,SRF+SHRM,503
129_22.png,SRF+SHRM,4162
129_23.png,SRF+SHRM,455
129_23.png,SRF+SHRM,3909
129_24.png,SRF+SHRM,1657
129_24.png,SRF+SHRM,6187
129_25.png,SRF+SHRM,7254
129_25.png,SRF+SHRM,1957
129_26.png,SRF+SHRM,4455
129_26.png,SRF+SHRM,1296
129_26.png,SRF+SHRM,118
129_27.png,SRF+SHRM,4718
129_27.png,SRF+SHRM,1636
129_27.png,SRF+SHRM,337
129_28.png,SRF+SHRM,6739
129_28.png,SRF+SHRM,1639
129_29.png,SRF+SHRM,6336
129_29.png,SRF+SHRM,1689
129_3.png,SRF+SHRM,724
129_30.png,SRF+SHRM,6294
129_30.png,SRF+SHRM,2478
129_31.png,SRF+SHRM,5557
129_31.png,SRF+SHRM,3170
129_32.png,SRF+SHRM,5224
129_32.png,SRF+SHRM,4194
129_33.png,SRF+SHRM,6883
129_33.png,SRF+SHRM,4702
129_34.png,SRF+SHRM,3193
129_34.png,SRF+SHRM,4545
129_35.png,SRF+SHRM,2774
129_35.png,SRF+SHRM,4587
129_4.png,SRF+SHRM,1461
129_5.png,SRF+SHRM,2088
129_6.png,SRF+SHRM,2807
129_7.png,SRF+SHRM,2863
129_8.png,SRF+SHRM,5296
129_9.png,SRF+SHRM,5604
12_1.png,SRF+SHRM,2378
12_10.png,SRF+SHRM,2056
12_10.png,SRF+SHRM,805
12_11.png,SRF+SHRM,2156
12_11.png,SRF+SHRM,830
12_12.png,SRF+SHRM,2464
12_12.png,SRF+SHRM,825
12_13.png,SRF+SHRM,2805
12_13.png,SRF+SHRM,857
12_14.png,SRF+SHRM,3108
12_14.png,SRF+SHRM,921
12_15.png,SRF+SHRM,3339
12_15.png,SRF+SHRM,934
12_16.png,SRF+SHRM,3912
12_16.png,SRF+SHRM,782
12_17.png,SRF+SHRM,4070
12_17.png,SRF+SHRM,862
12_18.png,SRF+SHRM,3719
12_18.png,SRF+SHRM,934
12_19.png,SRF+SHRM,3857
12_19.png,SRF+SHRM,1120
12_2.png,SRF+SHRM,2486
12_2.png,SRF+SHRM,177
12_2.png,SRF+SHRM,67
12_20.png,SRF+SHRM,3697
12_20.png,SRF+SHRM,1016
12_21.png,SRF+SHRM,4080
12_21.png,SRF+SHRM,1083
12_3.png,SRF+SHRM,2667
12_3.png,SRF+SHRM,166
12_4.png,SRF+SHRM,2866
12_4.png,SRF+SHRM,237
12_5.png,SRF+SHRM,2929
12_5.png,SRF+SHRM,413
12_5.png,SRF+SHRM,61
12_5.png,SRF+SHRM,71
12_6.png,SRF+SHRM,1787
12_6.png,SRF+SHRM,801
12_6.png,SRF+SHRM,189
12_7.png,SRF+SHRM,1798
12_7.png,SRF+SHRM,871
12_7.png,SRF+SHRM,244
12_8.png,SRF+SHRM,454
12_8.png,SRF+SHRM,1953
12_8.png,SRF+SHRM,819
12_9.png,SRF+SHRM,2312
12_9.png,SRF+SHRM,779
130_14.png,SRF+SHRM,517
130_15.png,SRF+SHRM,1012
130_16.png,SRF+SHRM,1496
130_17.png,SRF+SHRM,2098
130_18.png,SRF+SHRM,2510
130_19.png,SRF+SHRM,2512
130_20.png,SRF+SHRM,2243
130_21.png,SRF+SHRM,2355
130_22.png,SRF+SHRM,1472
130_23.png,SRF+SHRM,501
130_3.png,SRF+SHRM,863
130_4.png,SRF+SHRM,886
130_5.png,SRF+SHRM,1338
131_1.png,SRF+SHRM,941
131_10.png,SRF+SHRM,3535
131_11.png,SRF+SHRM,3201
131_12.png,SRF+SHRM,3072
131_13.png,SRF+SHRM,3621
131_14.png,SRF+SHRM,3571
131_15.png,SRF+SHRM,4442
131_16.png,SRF+SHRM,4195
131_17.png,SRF+SHRM,4338
131_18.png,SRF+SHRM,3582
131_2.png,SRF+SHRM,1221
131_3.png,SRF+SHRM,1674
131_4.png,SRF+SHRM,2032
131_5.png,SRF+SHRM,2135
131_6.png,SRF+SHRM,2299
131_7.png,SRF+SHRM,2797
131_8.png,SRF+SHRM,3088
131_9.png,SRF+SHRM,3015
132_10.png,SRF+SHRM,592
132_11.png,SRF+SHRM,1001
132_12.png,SRF+SHRM,1305
132_13.png,SRF+SHRM,2100
132_14.png,SRF+SHRM,2115
132_15.png,SRF+SHRM,3036
132_16.png,SRF+SHRM,3504
132_17.png,SRF+SHRM,3120
132_18.png,SRF+SHRM,3100
132_19.png,SRF+SHRM,4253
132_20.png,SRF+SHRM,3915
132_21.png,SRF+SHRM,3169
132_21.png,SRF+SHRM,208
132_22.png,SRF+SHRM,3051
132_23.png,SRF+SHRM,627
132_8.png,SRF+SHRM,117
132_9.png,SRF+SHRM,510
133_10.png,SRF+SHRM,1805
133_11.png,SRF+SHRM,2303
133_12.png,SRF+SHRM,2605
133_12.png,SRF+SHRM,57
133_13.png,SRF+SHRM,3061
133_14.png,SRF+SHRM,4246
133_15.png,SRF+SHRM,4387
133_16.png,SRF+SHRM,4895
133_17.png,SRF+SHRM,4976
133_18.png,SRF+SHRM,5354
133_19.png,SRF+SHRM,5509
133_2.png,SRF+SHRM,278
133_20.png,SRF+SHRM,5477
133_21.png,SRF+SHRM,5240
133_22.png,SRF+SHRM,5008
133_23.png,SRF+SHRM,2680
133_23.png,SRF+SHRM,2174
133_24.png,SRF+SHRM,2994
133_24.png,SRF+SHRM,1929
133_25.png,SRF+SHRM,1419
133_25.png,SRF+SHRM,1622
133_25.png,SRF+SHRM,1248
133_3.png,SRF+SHRM,451
133_4.png,SRF+SHRM,912
133_5.png,SRF+SHRM,1093
133_6.png,SRF+SHRM,1282
133_7.png,SRF+SHRM,1408
133_8.png,SRF+SHRM,1478
133_9.png,SRF+SHRM,1573
134_10.png,SRF+SHRM,386
134_11.png,SRF+SHRM,230
134_12.png,SRF+SHRM,1914
134_13.png,SRF+SHRM,2035
134_14.png,SRF+SHRM,3346
134_15.png,SRF+SHRM,4347
134_16.png,SRF+SHRM,6363
134_17.png,SRF+SHRM,6175
134_18.png,SRF+SHRM,8632
134_19.png,SRF+SHRM,7609
134_20.png,SRF+SHRM,7624
134_21.png,SRF+SHRM,8258
134_22.png,SRF+SHRM,8860
134_23.png,SRF+SHRM,8249
134_24.png,SRF+SHRM,6756
134_25.png,SRF+SHRM,5430
134_26.png,SRF+SHRM,4911
134_27.png,SRF+SHRM,3707
134_28.png,SRF+SHRM,2650
134_29.png,SRF+SHRM,1955
134_30.png,SRF+SHRM,501
134_30.png,SRF+SHRM,162
134_6.png,SRF+SHRM,225
134_7.png,SRF+SHRM,322
134_8.png,SRF+SHRM,188
134_9.png,SRF+SHRM,157
135_10.png,SRF+SHRM,2016
135_11.png,SRF+SHRM,1948
135_12.png,SRF+SHRM,2423
135_13.png,SRF+SHRM,2055
135_14.png,SRF+SHRM,1054
135_14.png,SRF+SHRM,813
135_15.png,SRF+SHRM,955
135_15.png,SRF+SHRM,580
135_16.png,SRF+SHRM,726
135_17.png,SRF+SHRM,647
135_3.png,SRF+SHRM,1381
135_4.png,SRF+SHRM,1683
135_5.png,SRF+SHRM,2071
135_6.png,SRF+SHRM,2672
135_7.png,SRF+SHRM,3183
135_8.png,SRF+SHRM,2864
135_9.png,SRF+SHRM,2852
136_10.png,SRF+SHRM,5006
136_11.png,SRF+SHRM,5327
136_12.png,SRF+SHRM,6165
136_13.png,SRF+SHRM,6586
136_14.png,SRF+SHRM,6608
136_15.png,SRF+SHRM,6421
136_16.png,SRF+SHRM,5951
136_17.png,SRF+SHRM,5572
136_17.png,SRF+SHRM,172
136_18.png,SRF+SHRM,5657
136_18.png,SRF+SHRM,262
136_19.png,SRF+SHRM,5909
136_19.png,SRF+SHRM,268
136_2.png,SRF+SHRM,447
136_20.png,SRF+SHRM,6740
136_20.png,SRF+SHRM,540
136_21.png,SRF+SHRM,7192
136_21.png,SRF+SHRM,578
136_22.png,SRF+SHRM,8130
136_23.png,SRF+SHRM,8223
136_24.png,SRF+SHRM,8205
136_25.png,SRF+SHRM,7260
136_26.png,SRF+SHRM,6278
136_27.png,SRF+SHRM,5480
136_28.png,SRF+SHRM,4552
136_29.png,SRF+SHRM,4158
136_3.png,SRF+SHRM,1033
136_30.png,SRF+SHRM,3583
136_31.png,SRF+SHRM,2110
136_4.png,SRF+SHRM,1874
136_5.png,SRF+SHRM,2284
136_6.png,SRF+SHRM,2042
136_6.png,SRF+SHRM,416
136_7.png,SRF+SHRM,2407
136_7.png,SRF+SHRM,375
136_8.png,SRF+SHRM,3160
136_8.png,SRF+SHRM,450
136_9.png,SRF+SHRM,3645
136_9.png,SRF+SHRM,528
137_10.png,SRF+SHRM,3061
137_10.png,SRF+SHRM,1271
137_11.png,SRF+SHRM,3897
137_12.png,SRF+SHRM,3667
137_13.png,SRF+SHRM,4063
137_14.png,SRF+SHRM,4392
137_15.png,SRF+SHRM,4558
137_16.png,SRF+SHRM,5384
137_17.png,SRF+SHRM,5778
137_17.png,SRF+SHRM,557
137_18.png,SRF+SHRM,5738
137_19.png,SRF+SHRM,6380
137_19.png,SRF+SHRM,460
137_2.png,SRF+SHRM,96
137_20.png,SRF+SHRM,7041
137_20.png,SRF+SHRM,470
137_21.png,SRF+SHRM,7526
137_21.png,SRF+SHRM,243
137_21.png,SRF+SHRM,269
137_22.png,SRF+SHRM,8190
137_22.png,SRF+SHRM,341
137_23.png,SRF+SHRM,7923
137_23.png,SRF+SHRM,238
137_24.png,SRF+SHRM,6080
137_24.png,SRF+SHRM,100
137_24.png,SRF+SHRM,173
137_24.png,SRF+SHRM,102
137_25.png,SRF+SHRM,6424
137_26.png,SRF+SHRM,5069
137_27.png,SRF+SHRM,4493
137_28.png,SRF+SHRM,2663
137_29.png,SRF+SHRM,663
137_29.png,SRF+SHRM,108
137_29.png,SRF+SHRM,367
137_3.png,SRF+SHRM,685
137_30.png,SRF+SHRM,489
137_4.png,SRF+SHRM,1149
137_5.png,SRF+SHRM,1703
137_6.png,SRF+SHRM,1134
137_6.png,SRF+SHRM,676
137_7.png,SRF+SHRM,800
137_7.png,SRF+SHRM,916
137_8.png,SRF+SHRM,3363
137_9.png,SRF+SHRM,1854
137_9.png,SRF+SHRM,273
138_14.png,SRF+SHRM,335
138_15.png,SRF+SHRM,310
138_4.png,SRF+SHRM,365
139_1.png,SRF+SHRM,562
139_10.png,SRF+SHRM,461
139_10.png,SRF+SHRM,4725
139_10.png,SRF+SHRM,2365
139_11.png,SRF+SHRM,512
139_11.png,SRF+SHRM,4206
139_11.png,SRF+SHRM,1858
139_12.png,SRF+SHRM,5246
139_12.png,SRF+SHRM,2440
139_13.png,SRF+SHRM,246
139_13.png,SRF+SHRM,6537
139_14.png,SRF+SHRM,87
139_14.png,SRF+SHRM,375
139_14.png,SRF+SHRM,141
139_14.png,SRF+SHRM,7022
139_14.png,SRF+SHRM,293
139_14.png,SRF+SHRM,79
139_14.png,SRF+SHRM,383
139_15.png,SRF+SHRM,338
139_15.png,SRF+SHRM,5487
139_2.png,SRF+SHRM,954
139_2.png,SRF+SHRM,1073
139_3.png,SRF+SHRM,1592
139_3.png,SRF+SHRM,884
139_4.png,SRF+SHRM,1683
139_4.png,SRF+SHRM,1112
139_5.png,SRF+SHRM,103
139_5.png,SRF+SHRM,1884
139_5.png,SRF+SHRM,2133
139_6.png,SRF+SHRM,2765
139_6.png,SRF+SHRM,2499
139_7.png,SRF+SHRM,3220
139_7.png,SRF+SHRM,2175
139_8.png,SRF+SHRM,3417
139_8.png,SRF+SHRM,470
139_8.png,SRF+SHRM,2433
139_9.png,SRF+SHRM,4607
139_9.png,SRF+SHRM,2913
13_1.png,SRF+SHRM,2685
13_1.png,SRF+SHRM,1083
13_1.png,SRF+SHRM,430
13_10.png,SRF+SHRM,2808
13_10.png,SRF+SHRM,3730
13_10.png,SRF+SHRM,276
13_11.png,SRF+SHRM,7323
13_11.png,SRF+SHRM,321
13_12.png,SRF+SHRM,7355
13_12.png,SRF+SHRM,390
13_13.png,SRF+SHRM,5908
13_13.png,SRF+SHRM,2505
13_13.png,SRF+SHRM,433
13_14.png,SRF+SHRM,6087
13_14.png,SRF+SHRM,2538
13_14.png,SRF+SHRM,644
13_15.png,SRF+SHRM,9852
13_15.png,SRF+SHRM,701
13_16.png,SRF+SHRM,10308
13_16.png,SRF+SHRM,844
13_17.png,SRF+SHRM,11555
13_18.png,SRF+SHRM,11360
13_19.png,SRF+SHRM,11031
13_2.png,SRF+SHRM,2894
13_2.png,SRF+SHRM,1383
13_2.png,SRF+SHRM,88
13_20.png,SRF+SHRM,13364
13_3.png,SRF+SHRM,3089
13_3.png,SRF+SHRM,2383
13_3.png,SRF+SHRM,129
13_4.png,SRF+SHRM,3223
13_4.png,SRF+SHRM,2777
13_4.png,SRF+SHRM,150
13_5.png,SRF+SHRM,3553
13_5.png,SRF+SHRM,3548
13_5.png,SRF+SHRM,295
13_6.png,SRF+SHRM,3916
13_6.png,SRF+SHRM,3515
13_6.png,SRF+SHRM,186
13_7.png,SRF+SHRM,3683
13_7.png,SRF+SHRM,3643
13_7.png,SRF+SHRM,195
13_8.png,SRF+SHRM,4768
13_8.png,SRF+SHRM,3800
13_8.png,SRF+SHRM,201
13_9.png,SRF+SHRM,8566
13_9.png,SRF+SHRM,253
140_10.png,SRF+SHRM,1514
140_10.png,SRF+SHRM,1768
140_11.png,SRF+SHRM,1101
140_11.png,SRF+SHRM,1571
140_12.png,SRF+SHRM,785
140_12.png,SRF+SHRM,1545
140_13.png,SRF+SHRM,595
140_13.png,SRF+SHRM,1542
140_14.png,SRF+SHRM,623
140_14.png,SRF+SHRM,1523
140_15.png,SRF+SHRM,542
140_15.png,SRF+SHRM,1340
140_16.png,SRF+SHRM,575
140_16.png,SRF+SHRM,885
140_17.png,SRF+SHRM,416
140_17.png,SRF+SHRM,675
140_18.png,SRF+SHRM,467
140_18.png,SRF+SHRM,41
140_19.png,SRF+SHRM,380
140_20.png,SRF+SHRM,385
140_5.png,SRF+SHRM,741
140_6.png,SRF+SHRM,1515
140_7.png,SRF+SHRM,2071
140_8.png,SRF+SHRM,3266
140_9.png,SRF+SHRM,276
140_9.png,SRF+SHRM,1498
140_9.png,SRF+SHRM,1825
141_10.png,SRF+SHRM,1075
141_10.png,SRF+SHRM,1268
141_11.png,SRF+SHRM,708
141_12.png,SRF+SHRM,717
141_13.png,SRF+SHRM,306
141_4.png,SRF+SHRM,521
141_5.png,SRF+SHRM,823
141_6.png,SRF+SHRM,2737
141_7.png,SRF+SHRM,2376
141_7.png,SRF+SHRM,336
141_8.png,SRF+SHRM,2784
141_9.png,SRF+SHRM,2892
142_10.png,SRF+SHRM,81
142_11.png,SRF+SHRM,109
142_11.png,SRF+SHRM,40
142_14.png,SRF+SHRM,24
143_1.png,SRF+SHRM,219
143_1.png,SRF+SHRM,772
143_1.png,SRF+SHRM,55
143_10.png,SRF+SHRM,3546
143_10.png,SRF+SHRM,487
143_11.png,SRF+SHRM,3530
143_11.png,SRF+SHRM,621
143_12.png,SRF+SHRM,4470
143_12.png,SRF+SHRM,710
143_13.png,SRF+SHRM,4040
143_13.png,SRF+SHRM,367
143_14.png,SRF+SHRM,7377
143_14.png,SRF+SHRM,492
143_14.png,SRF+SHRM,505
143_15.png,SRF+SHRM,7996
143_15.png,SRF+SHRM,873
143_15.png,SRF+SHRM,590
143_16.png,SRF+SHRM,7610
143_16.png,SRF+SHRM,3168
143_16.png,SRF+SHRM,798
143_17.png,SRF+SHRM,6360
143_17.png,SRF+SHRM,3108
143_17.png,SRF+SHRM,742
143_18.png,SRF+SHRM,10669
143_18.png,SRF+SHRM,1193
143_19.png,SRF+SHRM,9272
143_19.png,SRF+SHRM,2539
143_2.png,SRF+SHRM,1117
143_20.png,SRF+SHRM,11806
143_21.png,SRF+SHRM,4363
143_21.png,SRF+SHRM,3826
143_21.png,SRF+SHRM,3065
143_22.png,SRF+SHRM,11185
143_23.png,SRF+SHRM,10460
143_24.png,SRF+SHRM,4411
143_24.png,SRF+SHRM,5694
143_25.png,SRF+SHRM,3628
143_25.png,SRF+SHRM,5934
143_26.png,SRF+SHRM,10191
143_27.png,SRF+SHRM,6779
143_28.png,SRF+SHRM,6734
143_29.png,SRF+SHRM,7281
143_3.png,SRF+SHRM,1567
143_30.png,SRF+SHRM,9175
143_4.png,SRF+SHRM,1487
143_4.png,SRF+SHRM,72
143_5.png,SRF+SHRM,1901
143_6.png,SRF+SHRM,2025
143_7.png,SRF+SHRM,2624
143_8.png,SRF+SHRM,3152
143_9.png,SRF+SHRM,3772
144_10.png,SRF+SHRM,2391
144_10.png,SRF+SHRM,135
144_11.png,SRF+SHRM,2877
144_11.png,SRF+SHRM,128
144_12.png,SRF+SHRM,4405
144_12.png,SRF+SHRM,170
144_13.png,SRF+SHRM,5465
144_13.png,SRF+SHRM,249
144_13.png,SRF+SHRM,173
144_14.png,SRF+SHRM,5918
144_14.png,SRF+SHRM,471
144_15.png,SRF+SHRM,6484
144_15.png,SRF+SHRM,40
144_15.png,SRF+SHRM,227
144_16.png,SRF+SHRM,6616
144_16.png,SRF+SHRM,261
144_17.png,SRF+SHRM,6770
144_17.png,SRF+SHRM,88
144_17.png,SRF+SHRM,137
144_18.png,SRF+SHRM,6743
144_18.png,SRF+SHRM,83
144_20.png,SRF+SHRM,6588
144_20.png,SRF+SHRM,109
144_20.png,SRF+SHRM,143
144_21.png,SRF+SHRM,4558
144_21.png,SRF+SHRM,46
144_22.png,SRF+SHRM,3491
144_22.png,SRF+SHRM,48
144_22.png,SRF+SHRM,88
144_23.png,SRF+SHRM,4069
144_24.png,SRF+SHRM,2204
144_25.png,SRF+SHRM,2023
144_26.png,SRF+SHRM,370
144_26.png,SRF+SHRM,686
144_3.png,SRF+SHRM,147
144_4.png,SRF+SHRM,422
144_5.png,SRF+SHRM,330
144_6.png,SRF+SHRM,781
144_7.png,SRF+SHRM,1142
144_7.png,SRF+SHRM,114
144_7.png,SRF+SHRM,48
144_8.png,SRF+SHRM,1273
144_9.png,SRF+SHRM,1831
145_1.png,SRF+SHRM,125
145_10.png,SRF+SHRM,4206
145_11.png,SRF+SHRM,4846
145_12.png,SRF+SHRM,5567
145_13.png,SRF+SHRM,6268
145_14.png,SRF+SHRM,6719
145_15.png,SRF+SHRM,6932
145_16.png,SRF+SHRM,7252
145_17.png,SRF+SHRM,6763
145_18.png,SRF+SHRM,6552
145_19.png,SRF+SHRM,6284
145_2.png,SRF+SHRM,369
145_20.png,SRF+SHRM,5883
145_21.png,SRF+SHRM,4825
145_22.png,SRF+SHRM,4117
145_23.png,SRF+SHRM,2737
145_24.png,SRF+SHRM,1258
145_25.png,SRF+SHRM,377
145_3.png,SRF+SHRM,885
145_4.png,SRF+SHRM,1297
145_5.png,SRF+SHRM,1929
145_6.png,SRF+SHRM,2535
145_7.png,SRF+SHRM,3040
145_8.png,SRF+SHRM,3781
145_9.png,SRF+SHRM,4057
146_1.png,SRF+SHRM,2888
146_1.png,SRF+SHRM,3419
146_10.png,SRF+SHRM,3805
146_11.png,SRF+SHRM,3395
146_12.png,SRF+SHRM,2412
146_13.png,SRF+SHRM,1810
146_14.png,SRF+SHRM,1035
146_15.png,SRF+SHRM,713
146_16.png,SRF+SHRM,181
146_2.png,SRF+SHRM,3105
146_2.png,SRF+SHRM,2944
146_3.png,SRF+SHRM,3666
146_3.png,SRF+SHRM,3209
146_4.png,SRF+SHRM,3302
146_4.png,SRF+SHRM,2509
146_5.png,SRF+SHRM,3619
146_5.png,SRF+SHRM,1828
146_6.png,SRF+SHRM,4152
146_6.png,SRF+SHRM,1274
146_7.png,SRF+SHRM,4737
146_7.png,SRF+SHRM,717
146_8.png,SRF+SHRM,5338
146_8.png,SRF+SHRM,383
146_9.png,SRF+SHRM,5030
147_10.png,SRF+SHRM,5505
147_11.png,SRF+SHRM,6202
147_12.png,SRF+SHRM,7348
147_13.png,SRF+SHRM,7617
147_14.png,SRF+SHRM,8568
147_15.png,SRF+SHRM,7326
147_16.png,SRF+SHRM,8729
147_17.png,SRF+SHRM,8604
147_18.png,SRF+SHRM,8406
147_19.png,SRF+SHRM,7587
147_20.png,SRF+SHRM,5442
147_21.png,SRF+SHRM,4186
147_22.png,SRF+SHRM,3689
147_23.png,SRF+SHRM,817
147_23.png,SRF+SHRM,1512
147_24.png,SRF+SHRM,2490
147_25.png,SRF+SHRM,745
147_25.png,SRF+SHRM,1631
147_26.png,SRF+SHRM,1391
147_27.png,SRF+SHRM,3026
147_28.png,SRF+SHRM,851
147_28.png,SRF+SHRM,3860
147_29.png,SRF+SHRM,517
147_29.png,SRF+SHRM,5436
147_30.png,SRF+SHRM,5259
147_6.png,SRF+SHRM,1540
147_7.png,SRF+SHRM,1751
147_8.png,SRF+SHRM,2607
147_9.png,SRF+SHRM,5772
148_10.png,SRF+SHRM,11292
148_11.png,SRF+SHRM,13553
148_12.png,SRF+SHRM,15002
148_13.png,SRF+SHRM,15114
148_14.png,SRF+SHRM,16577
148_15.png,SRF+SHRM,16985
148_16.png,SRF+SHRM,17348
148_17.png,SRF+SHRM,19040
148_18.png,SRF+SHRM,19552
148_19.png,SRF+SHRM,19815
148_2.png,SRF+SHRM,478
148_20.png,SRF+SHRM,21688
148_21.png,SRF+SHRM,24625
148_22.png,SRF+SHRM,26969
148_23.png,SRF+SHRM,30515
148_24.png,SRF+SHRM,32203
148_3.png,SRF+SHRM,1154
148_4.png,SRF+SHRM,1729
148_5.png,SRF+SHRM,2982
148_6.png,SRF+SHRM,4729
148_7.png,SRF+SHRM,6104
148_8.png,SRF+SHRM,7546
148_9.png,SRF+SHRM,9937
149_10.png,SRF+SHRM,2391
149_11.png,SRF+SHRM,2683
149_12.png,SRF+SHRM,2837
149_13.png,SRF+SHRM,2886
149_14.png,SRF+SHRM,3242
149_15.png,SRF+SHRM,3948
149_16.png,SRF+SHRM,3250
149_17.png,SRF+SHRM,2317
149_18.png,SRF+SHRM,1828
149_21.png,SRF+SHRM,540
149_8.png,SRF+SHRM,885
149_9.png,SRF+SHRM,1624
14_1.png,SRF+SHRM,134
14_1.png,SRF+SHRM,443
14_10.png,SRF+SHRM,366
14_10.png,SRF+SHRM,292
14_2.png,SRF+SHRM,274
14_2.png,SRF+SHRM,566
14_3.png,SRF+SHRM,359
14_3.png,SRF+SHRM,673
14_4.png,SRF+SHRM,498
14_4.png,SRF+SHRM,616
14_5.png,SRF+SHRM,598
14_5.png,SRF+SHRM,841
14_6.png,SRF+SHRM,692
14_6.png,SRF+SHRM,585
14_7.png,SRF+SHRM,440
14_7.png,SRF+SHRM,670
14_8.png,SRF+SHRM,471
14_8.png,SRF+SHRM,312
14_9.png,SRF+SHRM,358
14_9.png,SRF+SHRM,196
150_10.png,SRF+SHRM,2352
150_11.png,SRF+SHRM,3074
150_12.png,SRF+SHRM,3792
150_13.png,SRF+SHRM,3535
150_14.png,SRF+SHRM,2294
150_14.png,SRF+SHRM,663
150_15.png,SRF+SHRM,1739
150_15.png,SRF+SHRM,215
150_16.png,SRF+SHRM,301
150_16.png,SRF+SHRM,2700
150_17.png,SRF+SHRM,4330
150_18.png,SRF+SHRM,1410
150_18.png,SRF+SHRM,2044
150_19.png,SRF+SHRM,5682
150_20.png,SRF+SHRM,6060
150_21.png,SRF+SHRM,6845
150_22.png,SRF+SHRM,427
150_22.png,SRF+SHRM,6911
150_23.png,SRF+SHRM,4009
150_23.png,SRF+SHRM,1562
150_24.png,SRF+SHRM,3503
150_24.png,SRF+SHRM,1023
150_3.png,SRF+SHRM,381
150_4.png,SRF+SHRM,529
150_7.png,SRF+SHRM,1541
150_8.png,SRF+SHRM,1996
150_9.png,SRF+SHRM,2165
151_11.png,SRF+SHRM,431
151_12.png,SRF+SHRM,1221
151_12.png,SRF+SHRM,268
151_13.png,SRF+SHRM,1255
151_14.png,SRF+SHRM,992
151_15.png,SRF+SHRM,480
151_16.png,SRF+SHRM,589
151_18.png,SRF+SHRM,394
151_5.png,SRF+SHRM,535
151_6.png,SRF+SHRM,756
151_7.png,SRF+SHRM,1287
151_8.png,SRF+SHRM,1058
152_10.png,SRF+SHRM,2068
152_10.png,SRF+SHRM,1768
152_11.png,SRF+SHRM,3961
152_11.png,SRF+SHRM,1994
152_12.png,SRF+SHRM,4212
152_12.png,SRF+SHRM,2271
152_12.png,SRF+SHRM,1330
152_13.png,SRF+SHRM,5170
152_13.png,SRF+SHRM,2241
152_13.png,SRF+SHRM,1238
152_14.png,SRF+SHRM,6819
152_14.png,SRF+SHRM,1956
152_14.png,SRF+SHRM,986
152_15.png,SRF+SHRM,7651
152_15.png,SRF+SHRM,2276
152_15.png,SRF+SHRM,907
152_16.png,SRF+SHRM,12588
152_17.png,SRF+SHRM,9652
152_17.png,SRF+SHRM,2261
152_18.png,SRF+SHRM,8046
152_18.png,SRF+SHRM,2277
152_18.png,SRF+SHRM,923
152_19.png,SRF+SHRM,8211
152_19.png,SRF+SHRM,2326
152_20.png,SRF+SHRM,6980
152_20.png,SRF+SHRM,2303
152_20.png,SRF+SHRM,993
152_21.png,SRF+SHRM,7599
152_21.png,SRF+SHRM,2098
152_22.png,SRF+SHRM,10239
152_23.png,SRF+SHRM,4686
152_23.png,SRF+SHRM,2560
152_23.png,SRF+SHRM,843
152_24.png,SRF+SHRM,7041
152_25.png,SRF+SHRM,2991
152_25.png,SRF+SHRM,2001
152_25.png,SRF+SHRM,1079
152_26.png,SRF+SHRM,3579
152_26.png,SRF+SHRM,2734
152_27.png,SRF+SHRM,3586
152_27.png,SRF+SHRM,1776
152_28.png,SRF+SHRM,5630
152_29.png,SRF+SHRM,5514
152_3.png,SRF+SHRM,1054
152_30.png,SRF+SHRM,4903
152_4.png,SRF+SHRM,2122
152_5.png,SRF+SHRM,2751
152_6.png,SRF+SHRM,3775
152_7.png,SRF+SHRM,4031
152_8.png,SRF+SHRM,4290
152_9.png,SRF+SHRM,4210
153_10.png,SRF+SHRM,2667
153_10.png,SRF+SHRM,591
153_10.png,SRF+SHRM,69
153_11.png,SRF+SHRM,1938
153_11.png,SRF+SHRM,519
153_11.png,SRF+SHRM,183
153_12.png,SRF+SHRM,3183
153_13.png,SRF+SHRM,1713
153_13.png,SRF+SHRM,345
153_13.png,SRF+SHRM,304
153_14.png,SRF+SHRM,1750
153_15.png,SRF+SHRM,1436
153_16.png,SRF+SHRM,916
153_2.png,SRF+SHRM,125
153_3.png,SRF+SHRM,190
153_3.png,SRF+SHRM,434
153_4.png,SRF+SHRM,1433
153_5.png,SRF+SHRM,1436
153_6.png,SRF+SHRM,625
153_6.png,SRF+SHRM,301
153_7.png,SRF+SHRM,563
153_7.png,SRF+SHRM,206
153_8.png,SRF+SHRM,2429
153_9.png,SRF+SHRM,2973
153_9.png,SRF+SHRM,438
154_12.png,SRF+SHRM,257
154_13.png,SRF+SHRM,235
154_13.png,SRF+SHRM,103
154_14.png,SRF+SHRM,1298
154_15.png,SRF+SHRM,814
154_16.png,SRF+SHRM,619
154_18.png,SRF+SHRM,569
154_18.png,SRF+SHRM,481
154_19.png,SRF+SHRM,4977
154_2.png,SRF+SHRM,592
154_20.png,SRF+SHRM,882
154_20.png,SRF+SHRM,862
154_20.png,SRF+SHRM,3305
154_21.png,SRF+SHRM,701
154_21.png,SRF+SHRM,663
154_21.png,SRF+SHRM,3156
154_22.png,SRF+SHRM,632
154_22.png,SRF+SHRM,291
154_22.png,SRF+SHRM,1640
154_23.png,SRF+SHRM,362
154_23.png,SRF+SHRM,81
154_23.png,SRF+SHRM,3575
154_24.png,SRF+SHRM,210
154_24.png,SRF+SHRM,895
154_3.png,SRF+SHRM,1081
154_4.png,SRF+SHRM,820
154_5.png,SRF+SHRM,1046
154_6.png,SRF+SHRM,942
154_7.png,SRF+SHRM,1057
154_8.png,SRF+SHRM,260
155_10.png,SRF+SHRM,5922
155_11.png,SRF+SHRM,6655
155_12.png,SRF+SHRM,7117
155_13.png,SRF+SHRM,7444
155_14.png,SRF+SHRM,516
155_14.png,SRF+SHRM,222
155_14.png,SRF+SHRM,5856
155_15.png,SRF+SHRM,406
155_15.png,SRF+SHRM,5837
155_16.png,SRF+SHRM,295
155_16.png,SRF+SHRM,5621
155_17.png,SRF+SHRM,306
155_17.png,SRF+SHRM,5095
155_18.png,SRF+SHRM,224
155_18.png,SRF+SHRM,4791
155_19.png,SRF+SHRM,735
155_19.png,SRF+SHRM,4418
155_20.png,SRF+SHRM,986
155_20.png,SRF+SHRM,4283
155_21.png,SRF+SHRM,1029
155_21.png,SRF+SHRM,3739
155_22.png,SRF+SHRM,1055
155_22.png,SRF+SHRM,123
155_22.png,SRF+SHRM,3563
155_23.png,SRF+SHRM,1032
155_23.png,SRF+SHRM,2908
155_24.png,SRF+SHRM,685
155_24.png,SRF+SHRM,2403
155_25.png,SRF+SHRM,891
155_25.png,SRF+SHRM,1916
155_26.png,SRF+SHRM,1081
155_26.png,SRF+SHRM,1108
155_27.png,SRF+SHRM,900
155_27.png,SRF+SHRM,41
155_27.png,SRF+SHRM,539
155_28.png,SRF+SHRM,57
155_3.png,SRF+SHRM,161
155_4.png,SRF+SHRM,701
155_5.png,SRF+SHRM,1630
155_6.png,SRF+SHRM,2830
155_7.png,SRF+SHRM,3476
155_8.png,SRF+SHRM,4416
155_9.png,SRF+SHRM,5289
156_10.png,SRF+SHRM,15615
156_11.png,SRF+SHRM,17587
156_12.png,SRF+SHRM,18284
156_13.png,SRF+SHRM,19865
156_14.png,SRF+SHRM,19838
156_15.png,SRF+SHRM,20694
156_16.png,SRF+SHRM,21309
156_17.png,SRF+SHRM,21864
156_18.png,SRF+SHRM,23818
156_19.png,SRF+SHRM,21831
156_2.png,SRF+SHRM,1283
156_20.png,SRF+SHRM,20286
156_21.png,SRF+SHRM,19577
156_22.png,SRF+SHRM,8899
156_22.png,SRF+SHRM,10258
156_23.png,SRF+SHRM,10727
156_23.png,SRF+SHRM,7676
156_24.png,SRF+SHRM,10351
156_24.png,SRF+SHRM,7145
156_25.png,SRF+SHRM,6301
156_25.png,SRF+SHRM,8036
156_25.png,SRF+SHRM,1374
156_26.png,SRF+SHRM,7894
156_26.png,SRF+SHRM,6426
156_27.png,SRF+SHRM,6066
156_27.png,SRF+SHRM,6818
156_27.png,SRF+SHRM,418
156_28.png,SRF+SHRM,6652
156_28.png,SRF+SHRM,6685
156_29.png,SRF+SHRM,3452
156_29.png,SRF+SHRM,6854
156_29.png,SRF+SHRM,3979
156_3.png,SRF+SHRM,2531
156_30.png,SRF+SHRM,12738
156_30.png,SRF+SHRM,3783
156_4.png,SRF+SHRM,4277
156_5.png,SRF+SHRM,5747
156_6.png,SRF+SHRM,7542
156_7.png,SRF+SHRM,9724
156_8.png,SRF+SHRM,11675
156_9.png,SRF+SHRM,14245
15_1.png,SRF+SHRM,1045
15_10.png,SRF+SHRM,1003
15_11.png,SRF+SHRM,710
15_12.png,SRF+SHRM,519
15_13.png,SRF+SHRM,476
15_2.png,SRF+SHRM,813
15_3.png,SRF+SHRM,1142
15_4.png,SRF+SHRM,1201
15_5.png,SRF+SHRM,1396
15_6.png,SRF+SHRM,1301
15_7.png,SRF+SHRM,476
15_8.png,SRF+SHRM,978
15_9.png,SRF+SHRM,877
18_1.png,SRF+SHRM,1865
18_1.png,SRF+SHRM,296
18_1.png,SRF+SHRM,792
18_10.png,SRF+SHRM,284
18_10.png,SRF+SHRM,2131
18_10.png,SRF+SHRM,679
18_10.png,SRF+SHRM,240
18_11.png,SRF+SHRM,311
18_11.png,SRF+SHRM,4183
18_12.png,SRF+SHRM,2655
18_12.png,SRF+SHRM,58
18_12.png,SRF+SHRM,1273
18_13.png,SRF+SHRM,2694
18_13.png,SRF+SHRM,1694
18_14.png,SRF+SHRM,2896
18_14.png,SRF+SHRM,289
18_14.png,SRF+SHRM,407
18_15.png,SRF+SHRM,2951
18_15.png,SRF+SHRM,469
18_16.png,SRF+SHRM,3442
18_16.png,SRF+SHRM,1566
18_17.png,SRF+SHRM,4025
18_17.png,SRF+SHRM,883
18_17.png,SRF+SHRM,389
18_18.png,SRF+SHRM,4012
18_19.png,SRF+SHRM,4349
18_2.png,SRF+SHRM,1639
18_2.png,SRF+SHRM,262
18_2.png,SRF+SHRM,755
18_20.png,SRF+SHRM,4766
18_3.png,SRF+SHRM,876
18_3.png,SRF+SHRM,91
18_3.png,SRF+SHRM,384
18_3.png,SRF+SHRM,724
18_4.png,SRF+SHRM,768
18_4.png,SRF+SHRM,1068
18_4.png,SRF+SHRM,815
18_5.png,SRF+SHRM,209
18_5.png,SRF+SHRM,727
18_6.png,SRF+SHRM,508
18_6.png,SRF+SHRM,447
18_6.png,SRF+SHRM,624
18_7.png,SRF+SHRM,658
18_7.png,SRF+SHRM,307
18_7.png,SRF+SHRM,586
18_8.png,SRF+SHRM,485
18_8.png,SRF+SHRM,956
18_8.png,SRF+SHRM,117
18_8.png,SRF+SHRM,777
18_9.png,SRF+SHRM,1697
18_9.png,SRF+SHRM,590
18_9.png,SRF+SHRM,481
19_4.png,SRF+SHRM,90
19_5.png,SRF+SHRM,78
19_7.png,SRF+SHRM,251
1_1.png,SRF+SHRM,471
1_10.png,SRF+SHRM,639
1_11.png,SRF+SHRM,644
1_12.png,SRF+SHRM,976
1_13.png,SRF+SHRM,587
1_13.png,SRF+SHRM,202
1_14.png,SRF+SHRM,314
1_14.png,SRF+SHRM,684
1_2.png,SRF+SHRM,443
1_3.png,SRF+SHRM,1438
1_4.png,SRF+SHRM,1377
1_5.png,SRF+SHRM,1603
1_6.png,SRF+SHRM,1015
1_6.png,SRF+SHRM,402
1_7.png,SRF+SHRM,801
1_7.png,SRF+SHRM,202
1_8.png,SRF+SHRM,764
1_8.png,SRF+SHRM,116
1_9.png,SRF+SHRM,789
1_9.png,SRF+SHRM,111
20_1.png,SRF+SHRM,981
20_1.png,SRF+SHRM,154
20_10.png,SRF+SHRM,3021
20_10.png,SRF+SHRM,478
20_10.png,SRF+SHRM,836
20_2.png,SRF+SHRM,1462
20_3.png,SRF+SHRM,818
20_3.png,SRF+SHRM,182
20_3.png,SRF+SHRM,300
20_4.png,SRF+SHRM,752
20_4.png,SRF+SHRM,197
20_4.png,SRF+SHRM,346
20_5.png,SRF+SHRM,1622
20_5.png,SRF+SHRM,246
20_5.png,SRF+SHRM,518
20_6.png,SRF+SHRM,1512
20_6.png,SRF+SHRM,293
20_6.png,SRF+SHRM,621
20_7.png,SRF+SHRM,1648
20_7.png,SRF+SHRM,343
20_7.png,SRF+SHRM,705
20_8.png,SRF+SHRM,2012
20_8.png,SRF+SHRM,469
20_8.png,SRF+SHRM,722
20_9.png,SRF+SHRM,2445
20_9.png,SRF+SHRM,484
20_9.png,SRF+SHRM,806
21_1.png,SRF+SHRM,139
21_1.png,SRF+SHRM,633
21_2.png,SRF+SHRM,2550
21_3.png,SRF+SHRM,3825
21_4.png,SRF+SHRM,5398
21_5.png,SRF+SHRM,5531
21_6.png,SRF+SHRM,3361
21_7.png,SRF+SHRM,3407
22_1.png,SRF+SHRM,2384
22_1.png,SRF+SHRM,103
22_10.png,SRF+SHRM,2700
22_10.png,SRF+SHRM,1106
22_10.png,SRF+SHRM,90
22_11.png,SRF+SHRM,4063
22_11.png,SRF+SHRM,221
22_12.png,SRF+SHRM,4429
22_12.png,SRF+SHRM,272
22_13.png,SRF+SHRM,1315
22_13.png,SRF+SHRM,2637
22_13.png,SRF+SHRM,276
22_14.png,SRF+SHRM,5393
22_14.png,SRF+SHRM,431
22_15.png,SRF+SHRM,3585
22_15.png,SRF+SHRM,1316
22_16.png,SRF+SHRM,5541
22_17.png,SRF+SHRM,5689
22_18.png,SRF+SHRM,4844
22_18.png,SRF+SHRM,333
22_19.png,SRF+SHRM,4708
22_19.png,SRF+SHRM,175
22_19.png,SRF+SHRM,396
22_2.png,SRF+SHRM,2388
22_20.png,SRF+SHRM,4500
22_20.png,SRF+SHRM,687
22_21.png,SRF+SHRM,4799
22_21.png,SRF+SHRM,935
22_3.png,SRF+SHRM,2568
22_4.png,SRF+SHRM,3191
22_5.png,SRF+SHRM,2651
22_6.png,SRF+SHRM,3172
22_7.png,SRF+SHRM,2839
22_8.png,SRF+SHRM,3875
22_8.png,SRF+SHRM,58
22_9.png,SRF+SHRM,980
22_9.png,SRF+SHRM,2670
22_9.png,SRF+SHRM,181
23_10.png,SRF+SHRM,8122
23_3.png,SRF+SHRM,754
23_4.png,SRF+SHRM,1809
23_4.png,SRF+SHRM,194
23_5.png,SRF+SHRM,2107
23_7.png,SRF+SHRM,4882
23_8.png,SRF+SHRM,5644
23_9.png,SRF+SHRM,6604
24_1.png,SRF+SHRM,2282
24_1.png,SRF+SHRM,2331
24_10.png,SRF+SHRM,1995
24_10.png,SRF+SHRM,500
24_10.png,SRF+SHRM,3058
24_2.png,SRF+SHRM,2311
24_2.png,SRF+SHRM,2402
24_3.png,SRF+SHRM,2313
24_3.png,SRF+SHRM,2487
24_4.png,SRF+SHRM,393
24_4.png,SRF+SHRM,2031
24_4.png,SRF+SHRM,3632
24_5.png,SRF+SHRM,2295
24_5.png,SRF+SHRM,3690
24_6.png,SRF+SHRM,2444
24_6.png,SRF+SHRM,4318
24_7.png,SRF+SHRM,2241
24_7.png,SRF+SHRM,4732
24_8.png,SRF+SHRM,2244
24_8.png,SRF+SHRM,4204
24_9.png,SRF+SHRM,2018
24_9.png,SRF+SHRM,4336
25_1.png,SRF+SHRM,436
25_10.png,SRF+SHRM,1592
25_11.png,SRF+SHRM,1747
25_12.png,SRF+SHRM,1652
25_13.png,SRF+SHRM,2013
25_14.png,SRF+SHRM,1948
25_15.png,SRF+SHRM,1549
25_16.png,SRF+SHRM,1453
25_17.png,SRF+SHRM,1219
25_18.png,SRF+SHRM,1057
25_19.png,SRF+SHRM,1198
25_2.png,SRF+SHRM,589
25_20.png,SRF+SHRM,980
25_21.png,SRF+SHRM,1418
25_22.png,SRF+SHRM,1060
25_3.png,SRF+SHRM,460
25_4.png,SRF+SHRM,832
25_4.png,SRF+SHRM,93
25_5.png,SRF+SHRM,157
25_5.png,SRF+SHRM,822
25_6.png,SRF+SHRM,1114
25_7.png,SRF+SHRM,1441
25_8.png,SRF+SHRM,1673
25_9.png,SRF+SHRM,1257
26_1.png,SRF+SHRM,6564
26_10.png,SRF+SHRM,7313
26_10.png,SRF+SHRM,1551
26_11.png,SRF+SHRM,6504
26_12.png,SRF+SHRM,7301
26_13.png,SRF+SHRM,7883
26_14.png,SRF+SHRM,7971
26_15.png,SRF+SHRM,8152
26_16.png,SRF+SHRM,7889
26_2.png,SRF+SHRM,9004
26_3.png,SRF+SHRM,6242
26_3.png,SRF+SHRM,3053
26_4.png,SRF+SHRM,5731
26_4.png,SRF+SHRM,2687
26_5.png,SRF+SHRM,5642
26_5.png,SRF+SHRM,743
26_5.png,SRF+SHRM,2465
26_6.png,SRF+SHRM,6366
26_6.png,SRF+SHRM,2519
26_7.png,SRF+SHRM,6429
26_7.png,SRF+SHRM,2568
26_8.png,SRF+SHRM,6847
26_8.png,SRF+SHRM,2283
26_9.png,SRF+SHRM,6410
26_9.png,SRF+SHRM,1950
26_9.png,SRF+SHRM,338
27_12.png,SRF+SHRM,298
2_1.png,SRF+SHRM,1248
2_1.png,SRF+SHRM,212
2_1.png,SRF+SHRM,71
2_1.png,SRF+SHRM,125
2_10.png,SRF+SHRM,3462
2_10.png,SRF+SHRM,446
2_11.png,SRF+SHRM,3856
2_11.png,SRF+SHRM,197
2_12.png,SRF+SHRM,3833
2_2.png,SRF+SHRM,1003
2_2.png,SRF+SHRM,151
2_3.png,SRF+SHRM,2938
2_4.png,SRF+SHRM,2505
2_4.png,SRF+SHRM,680
2_5.png,SRF+SHRM,2635
2_5.png,SRF+SHRM,548
2_6.png,SRF+SHRM,757
2_6.png,SRF+SHRM,1484
2_6.png,SRF+SHRM,751
2_7.png,SRF+SHRM,2178
2_7.png,SRF+SHRM,667
2_8.png,SRF+SHRM,2411
2_8.png,SRF+SHRM,347
2_9.png,SRF+SHRM,3024
2_9.png,SRF+SHRM,295
2_9.png,SRF+SHRM,71
30_5.png,SRF+SHRM,369
31_1.png,SRF+SHRM,2809
31_10.png,SRF+SHRM,3624
31_2.png,SRF+SHRM,2891
31_3.png,SRF+SHRM,3295
31_4.png,SRF+SHRM,3970
31_5.png,SRF+SHRM,3385
31_6.png,SRF+SHRM,3224
31_7.png,SRF+SHRM,3583
31_8.png,SRF+SHRM,3548
31_9.png,SRF+SHRM,4671
32_10.png,SRF+SHRM,1171
32_11.png,SRF+SHRM,1259
32_12.png,SRF+SHRM,48
32_12.png,SRF+SHRM,1216
32_13.png,SRF+SHRM,1247
32_14.png,SRF+SHRM,1009
32_15.png,SRF+SHRM,1415
32_2.png,SRF+SHRM,60
32_3.png,SRF+SHRM,82
32_4.png,SRF+SHRM,127
32_4.png,SRF+SHRM,102
32_5.png,SRF+SHRM,437
32_6.png,SRF+SHRM,434
32_6.png,SRF+SHRM,407
32_7.png,SRF+SHRM,46
32_7.png,SRF+SHRM,938
32_7.png,SRF+SHRM,62
32_8.png,SRF+SHRM,107
32_8.png,SRF+SHRM,1111
32_8.png,SRF+SHRM,45
32_9.png,SRF+SHRM,1113
32_9.png,SRF+SHRM,141
33_1.png,SRF+SHRM,2370
33_10.png,SRF+SHRM,3325
33_11.png,SRF+SHRM,4377
33_12.png,SRF+SHRM,4458
33_13.png,SRF+SHRM,5285
33_14.png,SRF+SHRM,4965
33_15.png,SRF+SHRM,5191
33_16.png,SRF+SHRM,4584
33_17.png,SRF+SHRM,5395
33_18.png,SRF+SHRM,5668
33_19.png,SRF+SHRM,5876
33_2.png,SRF+SHRM,2443
33_20.png,SRF+SHRM,6266
33_21.png,SRF+SHRM,3253
33_21.png,SRF+SHRM,2361
33_22.png,SRF+SHRM,6279
33_3.png,SRF+SHRM,2373
33_4.png,SRF+SHRM,2992
33_5.png,SRF+SHRM,3631
33_6.png,SRF+SHRM,2263
33_7.png,SRF+SHRM,2923
33_8.png,SRF+SHRM,3308
33_9.png,SRF+SHRM,3234
34_1.png,SRF+SHRM,7398
34_1.png,SRF+SHRM,1282
34_1.png,SRF+SHRM,439
34_10.png,SRF+SHRM,3763
34_10.png,SRF+SHRM,1470
34_10.png,SRF+SHRM,747
34_11.png,SRF+SHRM,2348
34_11.png,SRF+SHRM,892
34_11.png,SRF+SHRM,373
34_11.png,SRF+SHRM,428
34_12.png,SRF+SHRM,2070
34_12.png,SRF+SHRM,1186
34_12.png,SRF+SHRM,401
34_12.png,SRF+SHRM,475
34_13.png,SRF+SHRM,2248
34_13.png,SRF+SHRM,1109
34_13.png,SRF+SHRM,831
34_13.png,SRF+SHRM,450
34_14.png,SRF+SHRM,2522
34_14.png,SRF+SHRM,1804
34_14.png,SRF+SHRM,319
34_15.png,SRF+SHRM,4615
34_15.png,SRF+SHRM,1876
34_15.png,SRF+SHRM,953
34_2.png,SRF+SHRM,5103
34_2.png,SRF+SHRM,1428
34_2.png,SRF+SHRM,413
34_3.png,SRF+SHRM,4826
34_3.png,SRF+SHRM,1183
34_3.png,SRF+SHRM,858
34_4.png,SRF+SHRM,5072
34_4.png,SRF+SHRM,1225
34_4.png,SRF+SHRM,1086
34_5.png,SRF+SHRM,5518
34_5.png,SRF+SHRM,1488
34_5.png,SRF+SHRM,969
34_6.png,SRF+SHRM,2654
34_6.png,SRF+SHRM,1865
34_6.png,SRF+SHRM,1287
34_6.png,SRF+SHRM,650
34_7.png,SRF+SHRM,2693
34_7.png,SRF+SHRM,2200
34_7.png,SRF+SHRM,1312
34_7.png,SRF+SHRM,739
34_8.png,SRF+SHRM,5676
34_8.png,SRF+SHRM,583
34_8.png,SRF+SHRM,636
34_9.png,SRF+SHRM,2352
34_9.png,SRF+SHRM,692
34_9.png,SRF+SHRM,1275
34_9.png,SRF+SHRM,649
35_10.png,SRF+SHRM,5189
35_11.png,SRF+SHRM,6407
35_12.png,SRF+SHRM,6383
35_13.png,SRF+SHRM,6860
35_14.png,SRF+SHRM,7546
35_15.png,SRF+SHRM,6814
35_16.png,SRF+SHRM,7336
35_17.png,SRF+SHRM,7303
35_18.png,SRF+SHRM,7274
35_19.png,SRF+SHRM,6450
35_20.png,SRF+SHRM,6411
35_21.png,SRF+SHRM,5905
35_3.png,SRF+SHRM,549
35_4.png,SRF+SHRM,339
35_6.png,SRF+SHRM,1250
35_7.png,SRF+SHRM,2007
35_8.png,SRF+SHRM,3391
35_9.png,SRF+SHRM,2743
36_1.png,SRF+SHRM,4594
36_10.png,SRF+SHRM,5616
36_11.png,SRF+SHRM,5210
36_12.png,SRF+SHRM,5832
36_13.png,SRF+SHRM,5958
36_14.png,SRF+SHRM,6430
36_15.png,SRF+SHRM,7167
36_16.png,SRF+SHRM,5299
36_17.png,SRF+SHRM,5332
36_18.png,SRF+SHRM,5115
36_19.png,SRF+SHRM,6659
36_2.png,SRF+SHRM,3307
36_20.png,SRF+SHRM,6598
36_21.png,SRF+SHRM,6202
36_22.png,SRF+SHRM,5031
36_23.png,SRF+SHRM,5997
36_4.png,SRF+SHRM,3504
36_5.png,SRF+SHRM,4067
36_6.png,SRF+SHRM,4299
36_7.png,SRF+SHRM,5451
36_8.png,SRF+SHRM,5536
36_9.png,SRF+SHRM,5856
37_1.png,SRF+SHRM,2246
37_10.png,SRF+SHRM,902
37_10.png,SRF+SHRM,1193
37_11.png,SRF+SHRM,957
37_11.png,SRF+SHRM,1327
37_12.png,SRF+SHRM,879
37_12.png,SRF+SHRM,891
37_12.png,SRF+SHRM,1142
37_13.png,SRF+SHRM,875
37_13.png,SRF+SHRM,3043
37_14.png,SRF+SHRM,792
37_14.png,SRF+SHRM,1902
37_14.png,SRF+SHRM,1106
37_15.png,SRF+SHRM,3495
37_15.png,SRF+SHRM,810
37_16.png,SRF+SHRM,873
37_16.png,SRF+SHRM,2568
37_17.png,SRF+SHRM,692
37_17.png,SRF+SHRM,1400
37_18.png,SRF+SHRM,877
37_18.png,SRF+SHRM,801
37_19.png,SRF+SHRM,538
37_2.png,SRF+SHRM,221
37_2.png,SRF+SHRM,1946
37_20.png,SRF+SHRM,434
37_21.png,SRF+SHRM,402
37_22.png,SRF+SHRM,198
37_3.png,SRF+SHRM,1314
37_3.png,SRF+SHRM,2005
37_4.png,SRF+SHRM,506
37_4.png,SRF+SHRM,1583
37_5.png,SRF+SHRM,964
37_5.png,SRF+SHRM,1660
37_6.png,SRF+SHRM,807
37_6.png,SRF+SHRM,1767
37_7.png,SRF+SHRM,1247
37_7.png,SRF+SHRM,1778
37_8.png,SRF+SHRM,1061
37_8.png,SRF+SHRM,1346
37_9.png,SRF+SHRM,1388
37_9.png,SRF+SHRM,1769
39_1.png,SRF+SHRM,6272
39_10.png,SRF+SHRM,5161
39_10.png,SRF+SHRM,1201
39_11.png,SRF+SHRM,3573
39_11.png,SRF+SHRM,1715
39_12.png,SRF+SHRM,3800
39_12.png,SRF+SHRM,1582
39_13.png,SRF+SHRM,5179
39_13.png,SRF+SHRM,1577
39_14.png,SRF+SHRM,8922
39_2.png,SRF+SHRM,4156
39_3.png,SRF+SHRM,4411
39_3.png,SRF+SHRM,644
39_4.png,SRF+SHRM,3878
39_5.png,SRF+SHRM,5193
39_6.png,SRF+SHRM,4169
39_6.png,SRF+SHRM,1422
39_7.png,SRF+SHRM,5535
39_7.png,SRF+SHRM,1863
39_8.png,SRF+SHRM,5102
39_8.png,SRF+SHRM,1509
39_9.png,SRF+SHRM,7330
39_9.png,SRF+SHRM,2575
3_1.png,SRF+SHRM,2784
3_10.png,SRF+SHRM,6747
3_11.png,SRF+SHRM,5725
3_12.png,SRF+SHRM,6785
3_13.png,SRF+SHRM,5429
3_14.png,SRF+SHRM,6476
3_15.png,SRF+SHRM,7745
3_16.png,SRF+SHRM,7236
3_17.png,SRF+SHRM,7270
3_2.png,SRF+SHRM,4443
3_3.png,SRF+SHRM,4045
3_4.png,SRF+SHRM,4415
3_5.png,SRF+SHRM,5800
3_6.png,SRF+SHRM,2522
3_6.png,SRF+SHRM,946
3_7.png,SRF+SHRM,5688
3_8.png,SRF+SHRM,6148
3_9.png,SRF+SHRM,7874
40_1.png,SRF+SHRM,1365
40_10.png,SRF+SHRM,2299
40_11.png,SRF+SHRM,1905
40_12.png,SRF+SHRM,1607
40_13.png,SRF+SHRM,1268
40_2.png,SRF+SHRM,1516
40_3.png,SRF+SHRM,1537
40_4.png,SRF+SHRM,1752
40_5.png,SRF+SHRM,2433
40_6.png,SRF+SHRM,2225
40_7.png,SRF+SHRM,2489
40_8.png,SRF+SHRM,2716
40_9.png,SRF+SHRM,2199
41_1.png,SRF+SHRM,3413
41_10.png,SRF+SHRM,10236
41_10.png,SRF+SHRM,2331
41_11.png,SRF+SHRM,11345
41_11.png,SRF+SHRM,2020
41_12.png,SRF+SHRM,5617
41_12.png,SRF+SHRM,1729
41_12.png,SRF+SHRM,5213
41_13.png,SRF+SHRM,10384
41_13.png,SRF+SHRM,1688
41_14.png,SRF+SHRM,9433
41_14.png,SRF+SHRM,1280
41_15.png,SRF+SHRM,7202
41_15.png,SRF+SHRM,1223
41_16.png,SRF+SHRM,8216
41_17.png,SRF+SHRM,4429
41_17.png,SRF+SHRM,1587
41_18.png,SRF+SHRM,4626
41_18.png,SRF+SHRM,1664
41_19.png,SRF+SHRM,5467
41_2.png,SRF+SHRM,2524
41_2.png,SRF+SHRM,3474
41_3.png,SRF+SHRM,6640
41_4.png,SRF+SHRM,5733
41_4.png,SRF+SHRM,668
41_5.png,SRF+SHRM,3026
41_5.png,SRF+SHRM,3983
41_5.png,SRF+SHRM,953
41_5.png,SRF+SHRM,708
41_6.png,SRF+SHRM,6838
41_6.png,SRF+SHRM,2831
41_7.png,SRF+SHRM,8069
41_7.png,SRF+SHRM,2750
41_8.png,SRF+SHRM,8999
41_8.png,SRF+SHRM,2856
41_9.png,SRF+SHRM,10223
41_9.png,SRF+SHRM,2328
42_1.png,SRF+SHRM,102
42_10.png,SRF+SHRM,2209
42_11.png,SRF+SHRM,1780
42_11.png,SRF+SHRM,332
42_12.png,SRF+SHRM,1752
42_12.png,SRF+SHRM,374
42_13.png,SRF+SHRM,2078
42_13.png,SRF+SHRM,365
42_14.png,SRF+SHRM,1587
42_14.png,SRF+SHRM,401
42_14.png,SRF+SHRM,45
42_15.png,SRF+SHRM,2428
42_15.png,SRF+SHRM,204
42_16.png,SRF+SHRM,2839
42_16.png,SRF+SHRM,229
42_17.png,SRF+SHRM,2962
42_17.png,SRF+SHRM,153
42_18.png,SRF+SHRM,3035
42_18.png,SRF+SHRM,244
42_19.png,SRF+SHRM,3071
42_19.png,SRF+SHRM,213
42_2.png,SRF+SHRM,283
42_20.png,SRF+SHRM,3434
42_20.png,SRF+SHRM,203
42_21.png,SRF+SHRM,4141
42_21.png,SRF+SHRM,395
42_22.png,SRF+SHRM,4863
42_23.png,SRF+SHRM,4515
42_23.png,SRF+SHRM,259
42_3.png,SRF+SHRM,581
42_4.png,SRF+SHRM,745
42_4.png,SRF+SHRM,139
42_5.png,SRF+SHRM,919
42_5.png,SRF+SHRM,227
42_6.png,SRF+SHRM,1239
42_6.png,SRF+SHRM,518
42_7.png,SRF+SHRM,1387
42_7.png,SRF+SHRM,522
42_8.png,SRF+SHRM,2330
42_9.png,SRF+SHRM,2137
42_9.png,SRF+SHRM,77
43_1.png,SRF+SHRM,2163
43_1.png,SRF+SHRM,2171
43_1.png,SRF+SHRM,927
43_10.png,SRF+SHRM,6323
43_10.png,SRF+SHRM,1325
43_10.png,SRF+SHRM,1150
43_11.png,SRF+SHRM,5728
43_11.png,SRF+SHRM,2094
43_11.png,SRF+SHRM,1676
43_12.png,SRF+SHRM,11797
43_13.png,SRF+SHRM,12362
43_13.png,SRF+SHRM,1767
43_14.png,SRF+SHRM,8749
43_14.png,SRF+SHRM,648
43_15.png,SRF+SHRM,4606
43_15.png,SRF+SHRM,1087
43_15.png,SRF+SHRM,1131
43_15.png,SRF+SHRM,2166
43_16.png,SRF+SHRM,6500
43_16.png,SRF+SHRM,3520
43_17.png,SRF+SHRM,4152
43_17.png,SRF+SHRM,1698
43_17.png,SRF+SHRM,1319
43_17.png,SRF+SHRM,1990
43_18.png,SRF+SHRM,4744
43_18.png,SRF+SHRM,1504
43_18.png,SRF+SHRM,1265
43_18.png,SRF+SHRM,2010
43_19.png,SRF+SHRM,6485
43_19.png,SRF+SHRM,4573
43_2.png,SRF+SHRM,2241
43_2.png,SRF+SHRM,4238
43_20.png,SRF+SHRM,6683
43_20.png,SRF+SHRM,1900
43_21.png,SRF+SHRM,1385
43_21.png,SRF+SHRM,1707
43_21.png,SRF+SHRM,1177
43_21.png,SRF+SHRM,3070
43_3.png,SRF+SHRM,2604
43_3.png,SRF+SHRM,4280
43_4.png,SRF+SHRM,2490
43_4.png,SRF+SHRM,4013
43_4.png,SRF+SHRM,986
43_5.png,SRF+SHRM,2202
43_5.png,SRF+SHRM,4009
43_5.png,SRF+SHRM,1133
43_6.png,SRF+SHRM,8036
43_6.png,SRF+SHRM,2521
43_7.png,SRF+SHRM,8918
43_7.png,SRF+SHRM,3183
43_8.png,SRF+SHRM,7335
43_8.png,SRF+SHRM,2480
43_8.png,SRF+SHRM,1122
43_8.png,SRF+SHRM,40
43_9.png,SRF+SHRM,5742
43_9.png,SRF+SHRM,2731
43_9.png,SRF+SHRM,1329
44_8.png,SRF+SHRM,664
44_8.png,SRF+SHRM,78
44_9.png,SRF+SHRM,669
45_1.png,SRF+SHRM,451
45_1.png,SRF+SHRM,198
45_10.png,SRF+SHRM,706
45_11.png,SRF+SHRM,398
45_11.png,SRF+SHRM,104
45_12.png,SRF+SHRM,563
45_13.png,SRF+SHRM,591
45_14.png,SRF+SHRM,691
45_15.png,SRF+SHRM,482
45_15.png,SRF+SHRM,116
45_16.png,SRF+SHRM,331
45_17.png,SRF+SHRM,218
45_17.png,SRF+SHRM,281
45_18.png,SRF+SHRM,703
45_19.png,SRF+SHRM,942
45_19.png,SRF+SHRM,2244
45_2.png,SRF+SHRM,883
45_2.png,SRF+SHRM,409
45_20.png,SRF+SHRM,984
45_20.png,SRF+SHRM,3396
45_21.png,SRF+SHRM,931
45_21.png,SRF+SHRM,4153
45_22.png,SRF+SHRM,795
45_22.png,SRF+SHRM,723
45_22.png,SRF+SHRM,5179
45_23.png,SRF+SHRM,803
45_23.png,SRF+SHRM,5935
45_3.png,SRF+SHRM,799
45_3.png,SRF+SHRM,1008
45_3.png,SRF+SHRM,668
45_4.png,SRF+SHRM,524
45_4.png,SRF+SHRM,705
45_5.png,SRF+SHRM,643
45_6.png,SRF+SHRM,576
45_7.png,SRF+SHRM,703
45_8.png,SRF+SHRM,562
45_9.png,SRF+SHRM,562
47_1.png,SRF+SHRM,1706
47_1.png,SRF+SHRM,903
47_10.png,SRF+SHRM,1210
47_10.png,SRF+SHRM,2108
47_10.png,SRF+SHRM,108
47_11.png,SRF+SHRM,1279
47_11.png,SRF+SHRM,2366
47_12.png,SRF+SHRM,1245
47_12.png,SRF+SHRM,2437
47_13.png,SRF+SHRM,1206
47_13.png,SRF+SHRM,2301
47_14.png,SRF+SHRM,1068
47_14.png,SRF+SHRM,2276
47_15.png,SRF+SHRM,536
47_15.png,SRF+SHRM,1098
47_15.png,SRF+SHRM,2472
47_16.png,SRF+SHRM,1762
47_16.png,SRF+SHRM,163
47_16.png,SRF+SHRM,2283
47_17.png,SRF+SHRM,899
47_17.png,SRF+SHRM,1027
47_17.png,SRF+SHRM,2475
47_18.png,SRF+SHRM,7221
47_19.png,SRF+SHRM,4776
47_19.png,SRF+SHRM,1156
47_2.png,SRF+SHRM,2079
47_20.png,SRF+SHRM,3805
47_20.png,SRF+SHRM,1065
47_3.png,SRF+SHRM,1727
47_3.png,SRF+SHRM,996
47_4.png,SRF+SHRM,1862
47_4.png,SRF+SHRM,2159
47_4.png,SRF+SHRM,329
47_5.png,SRF+SHRM,4172
47_6.png,SRF+SHRM,3457
47_7.png,SRF+SHRM,3695
47_8.png,SRF+SHRM,3631
47_9.png,SRF+SHRM,1909
47_9.png,SRF+SHRM,2280
48_10.png,SRF+SHRM,2037
48_11.png,SRF+SHRM,1667
48_12.png,SRF+SHRM,922
48_13.png,SRF+SHRM,1438
48_14.png,SRF+SHRM,1800
48_15.png,SRF+SHRM,1751
48_16.png,SRF+SHRM,24
48_16.png,SRF+SHRM,190
48_17.png,SRF+SHRM,105
48_17.png,SRF+SHRM,302
48_18.png,SRF+SHRM,367
48_18.png,SRF+SHRM,154
48_19.png,SRF+SHRM,245
48_20.png,SRF+SHRM,192
48_3.png,SRF+SHRM,2238
48_4.png,SRF+SHRM,2169
48_5.png,SRF+SHRM,547
48_6.png,SRF+SHRM,613
48_6.png,SRF+SHRM,89
48_7.png,SRF+SHRM,2119
48_8.png,SRF+SHRM,675
48_9.png,SRF+SHRM,1697
49_1.png,SRF+SHRM,1684
49_10.png,SRF+SHRM,360
49_11.png,SRF+SHRM,161
49_2.png,SRF+SHRM,1114
49_3.png,SRF+SHRM,488
49_3.png,SRF+SHRM,223
49_4.png,SRF+SHRM,785
49_5.png,SRF+SHRM,600
49_6.png,SRF+SHRM,427
49_9.png,SRF+SHRM,310
4_1.png,SRF+SHRM,1089
4_10.png,SRF+SHRM,1586
4_11.png,SRF+SHRM,190
4_11.png,SRF+SHRM,1084
4_11.png,SRF+SHRM,171
4_2.png,SRF+SHRM,1183
4_3.png,SRF+SHRM,1596
4_4.png,SRF+SHRM,1094
4_5.png,SRF+SHRM,2128
4_6.png,SRF+SHRM,2244
4_6.png,SRF+SHRM,124
4_7.png,SRF+SHRM,2706
4_7.png,SRF+SHRM,116
4_8.png,SRF+SHRM,1888
4_8.png,SRF+SHRM,215
4_9.png,SRF+SHRM,945
4_9.png,SRF+SHRM,256
50_1.png,SRF+SHRM,3975
50_10.png,SRF+SHRM,1736
50_11.png,SRF+SHRM,580
50_12.png,SRF+SHRM,340
50_18.png,SRF+SHRM,2064
50_19.png,SRF+SHRM,2074
50_2.png,SRF+SHRM,3645
50_20.png,SRF+SHRM,1156
50_21.png,SRF+SHRM,3296
50_22.png,SRF+SHRM,2099
50_3.png,SRF+SHRM,3508
50_4.png,SRF+SHRM,3242
50_5.png,SRF+SHRM,3324
50_6.png,SRF+SHRM,2886
50_6.png,SRF+SHRM,1920
50_7.png,SRF+SHRM,2509
50_8.png,SRF+SHRM,2087
50_8.png,SRF+SHRM,53
50_9.png,SRF+SHRM,1757
50_9.png,SRF+SHRM,183
51_15.png,SRF+SHRM,200
52_1.png,SRF+SHRM,798
52_10.png,SRF+SHRM,1891
52_11.png,SRF+SHRM,1842
52_12.png,SRF+SHRM,853
52_12.png,SRF+SHRM,1776
52_13.png,SRF+SHRM,2248
52_14.png,SRF+SHRM,2295
52_15.png,SRF+SHRM,2407
52_2.png,SRF+SHRM,861
52_3.png,SRF+SHRM,822
52_4.png,SRF+SHRM,56
52_4.png,SRF+SHRM,879
52_5.png,SRF+SHRM,712
52_5.png,SRF+SHRM,99
52_5.png,SRF+SHRM,106
52_6.png,SRF+SHRM,998
52_6.png,SRF+SHRM,136
52_7.png,SRF+SHRM,1548
52_8.png,SRF+SHRM,1853
52_9.png,SRF+SHRM,1681
53_1.png,SRF+SHRM,1489
53_10.png,SRF+SHRM,2774
53_11.png,SRF+SHRM,2860
53_12.png,SRF+SHRM,3515
53_13.png,SRF+SHRM,3349
53_2.png,SRF+SHRM,3497
53_3.png,SRF+SHRM,3487
53_4.png,SRF+SHRM,3320
53_5.png,SRF+SHRM,2927
53_5.png,SRF+SHRM,335
53_6.png,SRF+SHRM,2927
53_6.png,SRF+SHRM,234
53_7.png,SRF+SHRM,3936
53_8.png,SRF+SHRM,3104
53_9.png,SRF+SHRM,3396
54_1.png,SRF+SHRM,1644
54_1.png,SRF+SHRM,567
54_1.png,SRF+SHRM,1055
54_10.png,SRF+SHRM,7094
54_10.png,SRF+SHRM,1947
54_11.png,SRF+SHRM,7958
54_11.png,SRF+SHRM,2070
54_12.png,SRF+SHRM,8649
54_12.png,SRF+SHRM,2133
54_13.png,SRF+SHRM,9359
54_13.png,SRF+SHRM,2343
54_14.png,SRF+SHRM,9550
54_14.png,SRF+SHRM,2435
54_15.png,SRF+SHRM,8612
54_15.png,SRF+SHRM,2552
54_16.png,SRF+SHRM,1054
54_16.png,SRF+SHRM,3025
54_16.png,SRF+SHRM,7292
54_17.png,SRF+SHRM,1463
54_17.png,SRF+SHRM,3048
54_17.png,SRF+SHRM,7520
54_18.png,SRF+SHRM,1587
54_18.png,SRF+SHRM,3120
54_18.png,SRF+SHRM,7441
54_19.png,SRF+SHRM,9820
54_19.png,SRF+SHRM,3759
54_2.png,SRF+SHRM,1296
54_2.png,SRF+SHRM,888
54_2.png,SRF+SHRM,645
54_20.png,SRF+SHRM,1316
54_20.png,SRF+SHRM,3780
54_20.png,SRF+SHRM,6389
54_3.png,SRF+SHRM,852
54_3.png,SRF+SHRM,1655
54_3.png,SRF+SHRM,496
54_4.png,SRF+SHRM,834
54_4.png,SRF+SHRM,1544
54_4.png,SRF+SHRM,544
54_5.png,SRF+SHRM,1054
54_5.png,SRF+SHRM,3314
54_6.png,SRF+SHRM,1103
54_6.png,SRF+SHRM,2906
54_7.png,SRF+SHRM,1265
54_7.png,SRF+SHRM,4522
54_8.png,SRF+SHRM,5605
54_8.png,SRF+SHRM,1485
54_9.png,SRF+SHRM,5947
54_9.png,SRF+SHRM,1794
55_1.png,SRF+SHRM,2713
55_10.png,SRF+SHRM,6383
55_10.png,SRF+SHRM,1008
55_11.png,SRF+SHRM,9988
55_12.png,SRF+SHRM,1522
55_12.png,SRF+SHRM,2323
55_12.png,SRF+SHRM,1494
55_13.png,SRF+SHRM,1988
55_13.png,SRF+SHRM,1083
55_14.png,SRF+SHRM,1077
55_14.png,SRF+SHRM,2027
55_14.png,SRF+SHRM,1669
55_15.png,SRF+SHRM,7139
55_16.png,SRF+SHRM,8236
55_17.png,SRF+SHRM,1064
55_17.png,SRF+SHRM,8794
55_2.png,SRF+SHRM,3129
55_3.png,SRF+SHRM,3568
55_4.png,SRF+SHRM,4092
55_5.png,SRF+SHRM,4862
55_6.png,SRF+SHRM,3876
55_7.png,SRF+SHRM,4423
55_7.png,SRF+SHRM,878
55_7.png,SRF+SHRM,2100
55_8.png,SRF+SHRM,7238
55_9.png,SRF+SHRM,6313
55_9.png,SRF+SHRM,916
56_1.png,SRF+SHRM,1734
56_10.png,SRF+SHRM,834
56_11.png,SRF+SHRM,937
56_12.png,SRF+SHRM,547
56_13.png,SRF+SHRM,498
56_14.png,SRF+SHRM,451
56_15.png,SRF+SHRM,1221
56_15.png,SRF+SHRM,389
56_16.png,SRF+SHRM,1140
56_16.png,SRF+SHRM,431
56_17.png,SRF+SHRM,1072
56_17.png,SRF+SHRM,290
56_17.png,SRF+SHRM,386
56_18.png,SRF+SHRM,1421
56_18.png,SRF+SHRM,878
56_19.png,SRF+SHRM,448
56_19.png,SRF+SHRM,1169
56_2.png,SRF+SHRM,981
56_2.png,SRF+SHRM,248
56_20.png,SRF+SHRM,255
56_20.png,SRF+SHRM,1666
56_21.png,SRF+SHRM,2893
56_22.png,SRF+SHRM,3882
56_3.png,SRF+SHRM,644
56_4.png,SRF+SHRM,1043
56_5.png,SRF+SHRM,878
56_6.png,SRF+SHRM,870
56_7.png,SRF+SHRM,941
56_8.png,SRF+SHRM,900
56_9.png,SRF+SHRM,888
57_10.png,SRF+SHRM,1421
57_11.png,SRF+SHRM,1418
57_12.png,SRF+SHRM,616
57_4.png,SRF+SHRM,458
58_1.png,SRF+SHRM,2554
58_1.png,SRF+SHRM,1036
58_10.png,SRF+SHRM,4588
58_11.png,SRF+SHRM,4609
58_12.png,SRF+SHRM,3031
58_12.png,SRF+SHRM,1069
58_13.png,SRF+SHRM,3902
58_14.png,SRF+SHRM,4353
58_15.png,SRF+SHRM,2998
58_16.png,SRF+SHRM,4766
58_16.png,SRF+SHRM,923
58_17.png,SRF+SHRM,456
58_17.png,SRF+SHRM,5174
58_18.png,SRF+SHRM,392
58_18.png,SRF+SHRM,4154
58_18.png,SRF+SHRM,1621
58_19.png,SRF+SHRM,5683
58_2.png,SRF+SHRM,3183
58_2.png,SRF+SHRM,1282
58_2.png,SRF+SHRM,175
58_20.png,SRF+SHRM,5166
58_21.png,SRF+SHRM,5043
58_22.png,SRF+SHRM,5319
58_22.png,SRF+SHRM,27
58_3.png,SRF+SHRM,2702
58_3.png,SRF+SHRM,1359
58_4.png,SRF+SHRM,2750
58_4.png,SRF+SHRM,1296
58_5.png,SRF+SHRM,2643
58_5.png,SRF+SHRM,1338
58_6.png,SRF+SHRM,2350
58_6.png,SRF+SHRM,1091
58_7.png,SRF+SHRM,3098
58_7.png,SRF+SHRM,1466
58_8.png,SRF+SHRM,2911
58_8.png,SRF+SHRM,1486
58_9.png,SRF+SHRM,4398
59_10.png,SRF+SHRM,5273
59_11.png,SRF+SHRM,4745
59_11.png,SRF+SHRM,120
59_12.png,SRF+SHRM,5671
59_13.png,SRF+SHRM,5942
59_13.png,SRF+SHRM,174
59_14.png,SRF+SHRM,4982
59_14.png,SRF+SHRM,837
59_15.png,SRF+SHRM,4477
59_15.png,SRF+SHRM,875
59_16.png,SRF+SHRM,4434
59_16.png,SRF+SHRM,48
59_17.png,SRF+SHRM,4098
59_17.png,SRF+SHRM,74
59_18.png,SRF+SHRM,4309
59_19.png,SRF+SHRM,3154
59_19.png,SRF+SHRM,91
59_20.png,SRF+SHRM,2269
59_21.png,SRF+SHRM,2418
59_22.png,SRF+SHRM,1710
59_22.png,SRF+SHRM,38
59_23.png,SRF+SHRM,1536
59_4.png,SRF+SHRM,44
59_4.png,SRF+SHRM,379
59_4.png,SRF+SHRM,55
59_5.png,SRF+SHRM,98
59_5.png,SRF+SHRM,1768
59_6.png,SRF+SHRM,106
59_6.png,SRF+SHRM,177
59_6.png,SRF+SHRM,3818
59_7.png,SRF+SHRM,55
59_7.png,SRF+SHRM,3860
59_8.png,SRF+SHRM,456
59_8.png,SRF+SHRM,3178
59_9.png,SRF+SHRM,3160
59_9.png,SRF+SHRM,230
5_1.png,SRF+SHRM,9303
5_1.png,SRF+SHRM,2693
5_10.png,SRF+SHRM,19332
5_11.png,SRF+SHRM,19853
5_12.png,SRF+SHRM,21011
5_13.png,SRF+SHRM,22088
5_14.png,SRF+SHRM,21003
5_15.png,SRF+SHRM,20783
5_16.png,SRF+SHRM,21543
5_17.png,SRF+SHRM,17677
5_17.png,SRF+SHRM,3451
5_18.png,SRF+SHRM,17031
5_2.png,SRF+SHRM,7052
5_2.png,SRF+SHRM,6709
5_3.png,SRF+SHRM,14031
5_4.png,SRF+SHRM,14743
5_5.png,SRF+SHRM,16705
5_6.png,SRF+SHRM,16233
5_7.png,SRF+SHRM,16809
5_8.png,SRF+SHRM,18207
5_9.png,SRF+SHRM,16286
5_9.png,SRF+SHRM,2427
60_1.png,SRF+SHRM,568
60_1.png,SRF+SHRM,171
60_10.png,SRF+SHRM,2563
60_11.png,SRF+SHRM,2250
60_12.png,SRF+SHRM,2300
60_13.png,SRF+SHRM,2716
60_14.png,SRF+SHRM,2648
60_15.png,SRF+SHRM,3135
60_16.png,SRF+SHRM,2071
60_17.png,SRF+SHRM,2809
60_18.png,SRF+SHRM,2432
60_19.png,SRF+SHRM,2874
60_2.png,SRF+SHRM,1308
60_2.png,SRF+SHRM,210
60_20.png,SRF+SHRM,3766
60_21.png,SRF+SHRM,3744
60_22.png,SRF+SHRM,3498
60_23.png,SRF+SHRM,3311
60_23.png,SRF+SHRM,307
60_24.png,SRF+SHRM,2936
60_25.png,SRF+SHRM,873
60_25.png,SRF+SHRM,689
60_26.png,SRF+SHRM,653
60_26.png,SRF+SHRM,411
60_3.png,SRF+SHRM,268
60_4.png,SRF+SHRM,230
60_5.png,SRF+SHRM,263
60_6.png,SRF+SHRM,132
60_7.png,SRF+SHRM,141
60_9.png,SRF+SHRM,1906
61_1.png,SRF+SHRM,2402
61_10.png,SRF+SHRM,3558
61_10.png,SRF+SHRM,2107
61_11.png,SRF+SHRM,2895
61_11.png,SRF+SHRM,294
61_11.png,SRF+SHRM,2250
61_12.png,SRF+SHRM,2634
61_12.png,SRF+SHRM,250
61_12.png,SRF+SHRM,2252
61_13.png,SRF+SHRM,3333
61_13.png,SRF+SHRM,298
61_13.png,SRF+SHRM,2493
61_14.png,SRF+SHRM,2216
61_14.png,SRF+SHRM,297
61_14.png,SRF+SHRM,2571
61_15.png,SRF+SHRM,2651
61_15.png,SRF+SHRM,405
61_15.png,SRF+SHRM,2614
61_16.png,SRF+SHRM,2110
61_16.png,SRF+SHRM,488
61_16.png,SRF+SHRM,2781
61_17.png,SRF+SHRM,1951
61_17.png,SRF+SHRM,510
61_17.png,SRF+SHRM,2831
61_18.png,SRF+SHRM,2220
61_18.png,SRF+SHRM,579
61_18.png,SRF+SHRM,2991
61_19.png,SRF+SHRM,2900
61_19.png,SRF+SHRM,3326
61_2.png,SRF+SHRM,2561
61_20.png,SRF+SHRM,5671
61_20.png,SRF+SHRM,373
61_21.png,SRF+SHRM,1761
61_21.png,SRF+SHRM,509
61_21.png,SRF+SHRM,3487
61_22.png,SRF+SHRM,1964
61_22.png,SRF+SHRM,4710
61_22.png,SRF+SHRM,1110
61_22.png,SRF+SHRM,181
61_23.png,SRF+SHRM,6047
61_24.png,SRF+SHRM,5496
61_3.png,SRF+SHRM,2394
61_4.png,SRF+SHRM,3168
61_5.png,SRF+SHRM,2669
61_5.png,SRF+SHRM,1987
61_6.png,SRF+SHRM,2708
61_6.png,SRF+SHRM,1821
61_7.png,SRF+SHRM,3178
61_7.png,SRF+SHRM,1855
61_8.png,SRF+SHRM,3140
61_8.png,SRF+SHRM,1734
61_9.png,SRF+SHRM,2837
61_9.png,SRF+SHRM,1806
62_1.png,SRF+SHRM,403
62_10.png,SRF+SHRM,957
62_11.png,SRF+SHRM,1002
62_12.png,SRF+SHRM,630
62_2.png,SRF+SHRM,1091
62_3.png,SRF+SHRM,1136
62_4.png,SRF+SHRM,1462
62_5.png,SRF+SHRM,1102
62_6.png,SRF+SHRM,594
62_7.png,SRF+SHRM,1039
62_8.png,SRF+SHRM,915
62_9.png,SRF+SHRM,606
63_1.png,SRF+SHRM,5035
63_10.png,SRF+SHRM,10668
63_11.png,SRF+SHRM,10825
63_12.png,SRF+SHRM,12302
63_13.png,SRF+SHRM,12070
63_14.png,SRF+SHRM,12573
63_15.png,SRF+SHRM,13661
63_16.png,SRF+SHRM,13717
63_17.png,SRF+SHRM,14032
63_18.png,SRF+SHRM,13957
63_19.png,SRF+SHRM,13649
63_2.png,SRF+SHRM,5262
63_20.png,SRF+SHRM,14333
63_21.png,SRF+SHRM,14567
63_21.png,SRF+SHRM,185
63_22.png,SRF+SHRM,13482
63_22.png,SRF+SHRM,254
63_23.png,SRF+SHRM,15174
63_24.png,SRF+SHRM,14673
63_25.png,SRF+SHRM,8944
63_26.png,SRF+SHRM,4895
63_26.png,SRF+SHRM,4053
63_27.png,SRF+SHRM,8180
63_28.png,SRF+SHRM,8966
63_3.png,SRF+SHRM,5871
63_4.png,SRF+SHRM,6260
63_4.png,SRF+SHRM,67
63_5.png,SRF+SHRM,5989
63_5.png,SRF+SHRM,84
63_6.png,SRF+SHRM,7323
63_7.png,SRF+SHRM,8055
63_7.png,SRF+SHRM,156
63_8.png,SRF+SHRM,8988
63_9.png,SRF+SHRM,9992
63_9.png,SRF+SHRM,140
64_1.png,SRF+SHRM,1279
64_10.png,SRF+SHRM,2603
64_11.png,SRF+SHRM,2727
64_11.png,SRF+SHRM,2051
64_12.png,SRF+SHRM,3524
64_12.png,SRF+SHRM,2930
64_13.png,SRF+SHRM,3097
64_13.png,SRF+SHRM,3411
64_14.png,SRF+SHRM,3291
64_14.png,SRF+SHRM,2874
64_15.png,SRF+SHRM,3585
64_15.png,SRF+SHRM,3679
64_16.png,SRF+SHRM,9028
64_17.png,SRF+SHRM,3312
64_17.png,SRF+SHRM,3869
64_18.png,SRF+SHRM,7169
64_18.png,SRF+SHRM,3884
64_19.png,SRF+SHRM,574
64_19.png,SRF+SHRM,2097
64_19.png,SRF+SHRM,4428
64_2.png,SRF+SHRM,1556
64_20.png,SRF+SHRM,6479
64_20.png,SRF+SHRM,3999
64_21.png,SRF+SHRM,729
64_21.png,SRF+SHRM,2741
64_21.png,SRF+SHRM,4084
64_22.png,SRF+SHRM,4331
64_22.png,SRF+SHRM,4130
64_22.png,SRF+SHRM,145
64_23.png,SRF+SHRM,3821
64_23.png,SRF+SHRM,4099
64_23.png,SRF+SHRM,141
64_24.png,SRF+SHRM,3956
64_24.png,SRF+SHRM,4022
64_24.png,SRF+SHRM,253
64_25.png,SRF+SHRM,2739
64_25.png,SRF+SHRM,3897
64_25.png,SRF+SHRM,323
64_26.png,SRF+SHRM,2391
64_26.png,SRF+SHRM,3489
64_26.png,SRF+SHRM,551
64_27.png,SRF+SHRM,5244
64_27.png,SRF+SHRM,3183
64_27.png,SRF+SHRM,702
64_28.png,SRF+SHRM,2962
64_28.png,SRF+SHRM,3021
64_28.png,SRF+SHRM,588
64_29.png,SRF+SHRM,2416
64_29.png,SRF+SHRM,2096
64_29.png,SRF+SHRM,400
64_3.png,SRF+SHRM,1744
64_30.png,SRF+SHRM,2215
64_30.png,SRF+SHRM,1199
64_30.png,SRF+SHRM,330
64_31.png,SRF+SHRM,2079
64_32.png,SRF+SHRM,1999
64_33.png,SRF+SHRM,1822
64_34.png,SRF+SHRM,1448
64_4.png,SRF+SHRM,2037
64_4.png,SRF+SHRM,62
64_5.png,SRF+SHRM,2076
64_5.png,SRF+SHRM,163
64_6.png,SRF+SHRM,4568
64_7.png,SRF+SHRM,2308
64_8.png,SRF+SHRM,2431
64_9.png,SRF+SHRM,2448
65_10.png,SRF+SHRM,1135
65_11.png,SRF+SHRM,696
65_12.png,SRF+SHRM,199
65_4.png,SRF+SHRM,200
65_5.png,SRF+SHRM,358
65_5.png,SRF+SHRM,48
65_6.png,SRF+SHRM,1023
65_7.png,SRF+SHRM,1204
65_8.png,SRF+SHRM,1325
65_9.png,SRF+SHRM,1661
66_1.png,SRF+SHRM,183
66_1.png,SRF+SHRM,897
66_10.png,SRF+SHRM,4186
66_10.png,SRF+SHRM,345
66_11.png,SRF+SHRM,4615
66_11.png,SRF+SHRM,361
66_12.png,SRF+SHRM,5112
66_12.png,SRF+SHRM,391
66_13.png,SRF+SHRM,5390
66_13.png,SRF+SHRM,333
66_14.png,SRF+SHRM,5856
66_14.png,SRF+SHRM,309
66_15.png,SRF+SHRM,5905
66_15.png,SRF+SHRM,407
66_16.png,SRF+SHRM,5947
66_16.png,SRF+SHRM,493
66_17.png,SRF+SHRM,7060
66_17.png,SRF+SHRM,436
66_18.png,SRF+SHRM,5807
66_18.png,SRF+SHRM,369
66_19.png,SRF+SHRM,5364
66_19.png,SRF+SHRM,401
66_2.png,SRF+SHRM,242
66_2.png,SRF+SHRM,1231
66_20.png,SRF+SHRM,4980
66_20.png,SRF+SHRM,428
66_21.png,SRF+SHRM,446
66_21.png,SRF+SHRM,4295
66_21.png,SRF+SHRM,509
66_22.png,SRF+SHRM,491
66_22.png,SRF+SHRM,3887
66_23.png,SRF+SHRM,484
66_23.png,SRF+SHRM,3105
66_3.png,SRF+SHRM,260
66_3.png,SRF+SHRM,1515
66_4.png,SRF+SHRM,215
66_4.png,SRF+SHRM,2244
66_5.png,SRF+SHRM,290
66_5.png,SRF+SHRM,2569
66_6.png,SRF+SHRM,2881
66_6.png,SRF+SHRM,241
66_7.png,SRF+SHRM,3077
66_7.png,SRF+SHRM,227
66_8.png,SRF+SHRM,3573
66_8.png,SRF+SHRM,260
66_9.png,SRF+SHRM,4077
66_9.png,SRF+SHRM,330
67_1.png,SRF+SHRM,1953
67_10.png,SRF+SHRM,4412
67_11.png,SRF+SHRM,2726
67_11.png,SRF+SHRM,1260
67_12.png,SRF+SHRM,2476
67_12.png,SRF+SHRM,1613
67_13.png,SRF+SHRM,2600
67_13.png,SRF+SHRM,1790
67_14.png,SRF+SHRM,1935
67_14.png,SRF+SHRM,2091
67_15.png,SRF+SHRM,1588
67_15.png,SRF+SHRM,2489
67_16.png,SRF+SHRM,2892
67_16.png,SRF+SHRM,737
67_17.png,SRF+SHRM,3913
67_17.png,SRF+SHRM,402
67_2.png,SRF+SHRM,3308
67_3.png,SRF+SHRM,2665
67_4.png,SRF+SHRM,2796
67_4.png,SRF+SHRM,72
67_5.png,SRF+SHRM,3035
67_5.png,SRF+SHRM,163
67_6.png,SRF+SHRM,3521
67_6.png,SRF+SHRM,21
67_7.png,SRF+SHRM,4039
67_7.png,SRF+SHRM,39
67_8.png,SRF+SHRM,4091
67_9.png,SRF+SHRM,3070
67_9.png,SRF+SHRM,647
68_1.png,SRF+SHRM,591
68_10.png,SRF+SHRM,292
68_10.png,SRF+SHRM,150
68_11.png,SRF+SHRM,285
68_11.png,SRF+SHRM,698
68_12.png,SRF+SHRM,115
68_12.png,SRF+SHRM,170
68_13.png,SRF+SHRM,65
68_13.png,SRF+SHRM,303
68_13.png,SRF+SHRM,315
68_14.png,SRF+SHRM,43
68_14.png,SRF+SHRM,192
68_15.png,SRF+SHRM,62
68_15.png,SRF+SHRM,476
68_16.png,SRF+SHRM,582
68_17.png,SRF+SHRM,793
68_18.png,SRF+SHRM,950
68_19.png,SRF+SHRM,989
68_2.png,SRF+SHRM,327
68_20.png,SRF+SHRM,870
68_4.png,SRF+SHRM,68
68_7.png,SRF+SHRM,35
68_8.png,SRF+SHRM,57
68_8.png,SRF+SHRM,196
68_9.png,SRF+SHRM,151
68_9.png,SRF+SHRM,179
69_1.png,SRF+SHRM,2406
69_10.png,SRF+SHRM,3847
69_10.png,SRF+SHRM,1456
69_10.png,SRF+SHRM,386
69_11.png,SRF+SHRM,3720
69_11.png,SRF+SHRM,740
69_11.png,SRF+SHRM,106
69_12.png,SRF+SHRM,3979
69_12.png,SRF+SHRM,353
69_13.png,SRF+SHRM,4636
69_13.png,SRF+SHRM,551
69_13.png,SRF+SHRM,165
69_14.png,SRF+SHRM,4283
69_14.png,SRF+SHRM,356
69_14.png,SRF+SHRM,83
69_15.png,SRF+SHRM,3396
69_15.png,SRF+SHRM,433
69_15.png,SRF+SHRM,337
69_16.png,SRF+SHRM,3439
69_16.png,SRF+SHRM,373
69_16.png,SRF+SHRM,457
69_17.png,SRF+SHRM,1531
69_17.png,SRF+SHRM,487
69_17.png,SRF+SHRM,686
69_18.png,SRF+SHRM,2166
69_18.png,SRF+SHRM,443
69_18.png,SRF+SHRM,1135
69_19.png,SRF+SHRM,2688
69_19.png,SRF+SHRM,520
69_19.png,SRF+SHRM,1728
69_2.png,SRF+SHRM,2345
69_20.png,SRF+SHRM,3041
69_20.png,SRF+SHRM,526
69_20.png,SRF+SHRM,1802
69_21.png,SRF+SHRM,5166
69_22.png,SRF+SHRM,3689
69_3.png,SRF+SHRM,2443
69_4.png,SRF+SHRM,1249
69_4.png,SRF+SHRM,2396
69_5.png,SRF+SHRM,2151
69_5.png,SRF+SHRM,2303
69_6.png,SRF+SHRM,1948
69_6.png,SRF+SHRM,2024
69_7.png,SRF+SHRM,1855
69_7.png,SRF+SHRM,2071
69_8.png,SRF+SHRM,2079
69_8.png,SRF+SHRM,1808
69_9.png,SRF+SHRM,3818
69_9.png,SRF+SHRM,1595
69_9.png,SRF+SHRM,379
6_1.png,SRF+SHRM,867
6_10.png,SRF+SHRM,1354
6_11.png,SRF+SHRM,1905
6_12.png,SRF+SHRM,1138
6_13.png,SRF+SHRM,1202
6_14.png,SRF+SHRM,771
6_2.png,SRF+SHRM,1261
6_3.png,SRF+SHRM,1679
6_4.png,SRF+SHRM,2102
6_5.png,SRF+SHRM,2204
6_6.png,SRF+SHRM,2459
6_6.png,SRF+SHRM,384
6_7.png,SRF+SHRM,2405
6_8.png,SRF+SHRM,2463
6_9.png,SRF+SHRM,2355
70_1.png,SRF+SHRM,2732
70_10.png,SRF+SHRM,13106
70_11.png,SRF+SHRM,14628
70_12.png,SRF+SHRM,13430
70_13.png,SRF+SHRM,14119
70_2.png,SRF+SHRM,2894
70_3.png,SRF+SHRM,3402
70_4.png,SRF+SHRM,3729
70_4.png,SRF+SHRM,188
70_5.png,SRF+SHRM,4169
70_5.png,SRF+SHRM,1766
70_5.png,SRF+SHRM,249
70_6.png,SRF+SHRM,4510
70_6.png,SRF+SHRM,467
70_6.png,SRF+SHRM,2275
70_7.png,SRF+SHRM,3651
70_7.png,SRF+SHRM,5686
70_8.png,SRF+SHRM,10197
70_9.png,SRF+SHRM,12718
71_1.png,SRF+SHRM,3330
71_1.png,SRF+SHRM,1197
71_10.png,SRF+SHRM,7336
71_10.png,SRF+SHRM,3736
71_11.png,SRF+SHRM,12750
71_12.png,SRF+SHRM,7512
71_12.png,SRF+SHRM,5360
71_13.png,SRF+SHRM,4830
71_13.png,SRF+SHRM,10176
71_14.png,SRF+SHRM,5811
71_14.png,SRF+SHRM,8746
71_15.png,SRF+SHRM,15280
71_15.png,SRF+SHRM,402
71_16.png,SRF+SHRM,15146
71_16.png,SRF+SHRM,770
71_17.png,SRF+SHRM,16270
71_18.png,SRF+SHRM,15608
71_19.png,SRF+SHRM,14952
71_2.png,SRF+SHRM,3088
71_2.png,SRF+SHRM,153
71_2.png,SRF+SHRM,638
71_20.png,SRF+SHRM,14495
71_21.png,SRF+SHRM,14766
71_22.png,SRF+SHRM,14207
71_23.png,SRF+SHRM,13851
71_24.png,SRF+SHRM,12456
71_3.png,SRF+SHRM,3613
71_4.png,SRF+SHRM,304
71_4.png,SRF+SHRM,3741
71_5.png,SRF+SHRM,3975
71_6.png,SRF+SHRM,4325
71_7.png,SRF+SHRM,5103
71_7.png,SRF+SHRM,401
71_8.png,SRF+SHRM,10067
71_9.png,SRF+SHRM,5262
71_9.png,SRF+SHRM,4291
72_1.png,SRF+SHRM,1651
72_10.png,SRF+SHRM,7155
72_11.png,SRF+SHRM,7913
72_12.png,SRF+SHRM,9530
72_2.png,SRF+SHRM,2499
72_2.png,SRF+SHRM,378
72_3.png,SRF+SHRM,4090
72_4.png,SRF+SHRM,3941
72_5.png,SRF+SHRM,4468
72_6.png,SRF+SHRM,5505
72_7.png,SRF+SHRM,5039
72_8.png,SRF+SHRM,5464
72_9.png,SRF+SHRM,5615
73_1.png,SRF+SHRM,229
74_1.png,SRF+SHRM,72
74_10.png,SRF+SHRM,5978
74_11.png,SRF+SHRM,7464
74_12.png,SRF+SHRM,8637
74_13.png,SRF+SHRM,9308
74_14.png,SRF+SHRM,5805
74_14.png,SRF+SHRM,1301
74_15.png,SRF+SHRM,6067
74_15.png,SRF+SHRM,1302
74_16.png,SRF+SHRM,396
74_16.png,SRF+SHRM,5727
74_16.png,SRF+SHRM,1469
74_17.png,SRF+SHRM,5104
74_17.png,SRF+SHRM,1537
74_18.png,SRF+SHRM,3565
74_18.png,SRF+SHRM,1925
74_19.png,SRF+SHRM,3107
74_19.png,SRF+SHRM,2302
74_20.png,SRF+SHRM,2606
74_20.png,SRF+SHRM,2572
74_21.png,SRF+SHRM,2560
74_21.png,SRF+SHRM,3073
74_22.png,SRF+SHRM,3135
74_22.png,SRF+SHRM,2219
74_23.png,SRF+SHRM,2512
74_23.png,SRF+SHRM,3242
74_24.png,SRF+SHRM,4337
74_24.png,SRF+SHRM,2781
74_25.png,SRF+SHRM,4586
74_25.png,SRF+SHRM,2885
74_26.png,SRF+SHRM,3263
74_26.png,SRF+SHRM,3079
74_27.png,SRF+SHRM,626
74_27.png,SRF+SHRM,3268
74_27.png,SRF+SHRM,3422
74_28.png,SRF+SHRM,4162
74_28.png,SRF+SHRM,3424
74_29.png,SRF+SHRM,4094
74_29.png,SRF+SHRM,3291
74_3.png,SRF+SHRM,99
74_30.png,SRF+SHRM,4953
74_30.png,SRF+SHRM,3178
74_31.png,SRF+SHRM,5365
74_31.png,SRF+SHRM,3365
74_32.png,SRF+SHRM,5773
74_32.png,SRF+SHRM,3400
74_33.png,SRF+SHRM,7833
74_33.png,SRF+SHRM,3753
74_34.png,SRF+SHRM,12617
74_4.png,SRF+SHRM,84
74_4.png,SRF+SHRM,696
74_5.png,SRF+SHRM,1204
74_6.png,SRF+SHRM,2176
74_7.png,SRF+SHRM,2920
74_8.png,SRF+SHRM,3841
74_9.png,SRF+SHRM,4691
75_10.png,SRF+SHRM,7579
75_10.png,SRF+SHRM,900
75_11.png,SRF+SHRM,8172
75_12.png,SRF+SHRM,10106
75_13.png,SRF+SHRM,10499
75_14.png,SRF+SHRM,2031
75_14.png,SRF+SHRM,8153
75_15.png,SRF+SHRM,10406
75_16.png,SRF+SHRM,7949
75_17.png,SRF+SHRM,7877
75_18.png,SRF+SHRM,6538
75_18.png,SRF+SHRM,253
75_19.png,SRF+SHRM,7113
75_2.png,SRF+SHRM,485
75_20.png,SRF+SHRM,5640
75_20.png,SRF+SHRM,57
75_21.png,SRF+SHRM,3554
75_21.png,SRF+SHRM,162
75_22.png,SRF+SHRM,2794
75_22.png,SRF+SHRM,84
75_3.png,SRF+SHRM,621
75_4.png,SRF+SHRM,809
75_5.png,SRF+SHRM,2287
75_6.png,SRF+SHRM,2271
75_7.png,SRF+SHRM,5084
75_8.png,SRF+SHRM,6331
75_9.png,SRF+SHRM,7563
76_1.png,SRF+SHRM,1807
76_10.png,SRF+SHRM,43
76_10.png,SRF+SHRM,4344
76_2.png,SRF+SHRM,2127
76_2.png,SRF+SHRM,233
76_3.png,SRF+SHRM,2027
76_3.png,SRF+SHRM,410
76_3.png,SRF+SHRM,145
76_4.png,SRF+SHRM,395
76_4.png,SRF+SHRM,934
76_4.png,SRF+SHRM,553
76_5.png,SRF+SHRM,624
76_5.png,SRF+SHRM,2136
76_6.png,SRF+SHRM,895
76_6.png,SRF+SHRM,2493
76_7.png,SRF+SHRM,4269
76_8.png,SRF+SHRM,677
76_8.png,SRF+SHRM,3999
76_9.png,SRF+SHRM,2959
77_1.png,SRF+SHRM,2406
77_1.png,SRF+SHRM,211
77_10.png,SRF+SHRM,9056
77_10.png,SRF+SHRM,110
77_11.png,SRF+SHRM,9716
77_2.png,SRF+SHRM,2701
77_2.png,SRF+SHRM,185
77_3.png,SRF+SHRM,3122
77_3.png,SRF+SHRM,206
77_4.png,SRF+SHRM,3400
77_4.png,SRF+SHRM,200
77_5.png,SRF+SHRM,4359
77_5.png,SRF+SHRM,122
77_6.png,SRF+SHRM,6141
77_6.png,SRF+SHRM,217
77_7.png,SRF+SHRM,6575
77_7.png,SRF+SHRM,240
77_8.png,SRF+SHRM,7506
77_9.png,SRF+SHRM,8153
77_9.png,SRF+SHRM,136
77_9.png,SRF+SHRM,191
78_1.png,SRF+SHRM,6827
78_10.png,SRF+SHRM,4935
78_10.png,SRF+SHRM,368
78_11.png,SRF+SHRM,5133
78_11.png,SRF+SHRM,347
78_12.png,SRF+SHRM,4315
78_12.png,SRF+SHRM,253
78_13.png,SRF+SHRM,3943
78_13.png,SRF+SHRM,282
78_14.png,SRF+SHRM,3790
78_15.png,SRF+SHRM,3536
78_16.png,SRF+SHRM,2729
78_16.png,SRF+SHRM,430
78_17.png,SRF+SHRM,2340
78_17.png,SRF+SHRM,233
78_18.png,SRF+SHRM,2042
78_18.png,SRF+SHRM,142
78_19.png,SRF+SHRM,1889
78_2.png,SRF+SHRM,7114
78_3.png,SRF+SHRM,7649
78_4.png,SRF+SHRM,7162
78_5.png,SRF+SHRM,7555
78_6.png,SRF+SHRM,6892
78_7.png,SRF+SHRM,6748
78_8.png,SRF+SHRM,6804
78_9.png,SRF+SHRM,5648
79_1.png,SRF+SHRM,707
79_10.png,SRF+SHRM,2161
79_11.png,SRF+SHRM,2347
79_12.png,SRF+SHRM,2951
79_13.png,SRF+SHRM,2776
79_14.png,SRF+SHRM,870
79_14.png,SRF+SHRM,2787
79_15.png,SRF+SHRM,3971
79_2.png,SRF+SHRM,29
79_2.png,SRF+SHRM,820
79_3.png,SRF+SHRM,60
79_3.png,SRF+SHRM,525
79_3.png,SRF+SHRM,226
79_4.png,SRF+SHRM,518
79_4.png,SRF+SHRM,266
79_5.png,SRF+SHRM,601
79_5.png,SRF+SHRM,239
79_6.png,SRF+SHRM,633
79_6.png,SRF+SHRM,184
79_7.png,SRF+SHRM,722
79_7.png,SRF+SHRM,186
79_8.png,SRF+SHRM,788
79_8.png,SRF+SHRM,489
79_9.png,SRF+SHRM,1749
79_9.png,SRF+SHRM,2
7_1.png,SRF+SHRM,1229
7_1.png,SRF+SHRM,209
7_10.png,SRF+SHRM,4478
7_11.png,SRF+SHRM,4112
7_11.png,SRF+SHRM,97
7_12.png,SRF+SHRM,4642
7_13.png,SRF+SHRM,5367
7_2.png,SRF+SHRM,1173
7_2.png,SRF+SHRM,88
7_3.png,SRF+SHRM,1526
7_4.png,SRF+SHRM,2224
7_5.png,SRF+SHRM,2512
7_6.png,SRF+SHRM,2630
7_7.png,SRF+SHRM,2102
7_7.png,SRF+SHRM,203
7_8.png,SRF+SHRM,3396
7_8.png,SRF+SHRM,159
7_8.png,SRF+SHRM,200
7_9.png,SRF+SHRM,3330
80_10.png,SRF+SHRM,430
80_11.png,SRF+SHRM,564
80_8.png,SRF+SHRM,341
81_1.png,SRF+SHRM,744
81_10.png,SRF+SHRM,2540
81_11.png,SRF+SHRM,1998
81_12.png,SRF+SHRM,2472
81_13.png,SRF+SHRM,2896
81_14.png,SRF+SHRM,2809
81_15.png,SRF+SHRM,2799
81_16.png,SRF+SHRM,3368
81_17.png,SRF+SHRM,3303
81_18.png,SRF+SHRM,2914
81_19.png,SRF+SHRM,2625
81_2.png,SRF+SHRM,800
81_20.png,SRF+SHRM,2464
81_3.png,SRF+SHRM,453
81_3.png,SRF+SHRM,126
81_4.png,SRF+SHRM,766
81_4.png,SRF+SHRM,356
81_5.png,SRF+SHRM,973
81_6.png,SRF+SHRM,1366
81_7.png,SRF+SHRM,2221
81_8.png,SRF+SHRM,2050
81_8.png,SRF+SHRM,304
81_9.png,SRF+SHRM,2471
81_9.png,SRF+SHRM,142
81_9.png,SRF+SHRM,51
82_1.png,SRF+SHRM,2786
82_10.png,SRF+SHRM,5680
82_11.png,SRF+SHRM,5638
82_12.png,SRF+SHRM,6591
82_13.png,SRF+SHRM,570
82_13.png,SRF+SHRM,6600
82_14.png,SRF+SHRM,7300
82_2.png,SRF+SHRM,1512
82_3.png,SRF+SHRM,4120
82_4.png,SRF+SHRM,5239
82_5.png,SRF+SHRM,7139
82_6.png,SRF+SHRM,4672
82_7.png,SRF+SHRM,5713
82_8.png,SRF+SHRM,4108
82_8.png,SRF+SHRM,118
82_9.png,SRF+SHRM,4474
83_1.png,SRF+SHRM,7465
83_10.png,SRF+SHRM,2513
83_10.png,SRF+SHRM,1148
83_11.png,SRF+SHRM,2262
83_11.png,SRF+SHRM,900
83_12.png,SRF+SHRM,1781
83_12.png,SRF+SHRM,570
83_13.png,SRF+SHRM,785
83_13.png,SRF+SHRM,2042
83_14.png,SRF+SHRM,187
83_14.png,SRF+SHRM,1291
83_15.png,SRF+SHRM,1060
83_16.png,SRF+SHRM,136
83_16.png,SRF+SHRM,600
83_17.png,SRF+SHRM,934
83_17.png,SRF+SHRM,448
83_18.png,SRF+SHRM,1499
83_18.png,SRF+SHRM,931
83_19.png,SRF+SHRM,1116
83_19.png,SRF+SHRM,984
83_2.png,SRF+SHRM,7608
83_20.png,SRF+SHRM,1933
83_21.png,SRF+SHRM,2010
83_21.png,SRF+SHRM,132
83_22.png,SRF+SHRM,2193
83_23.png,SRF+SHRM,1716
83_23.png,SRF+SHRM,82
83_24.png,SRF+SHRM,1778
83_24.png,SRF+SHRM,152
83_25.png,SRF+SHRM,2990
83_3.png,SRF+SHRM,7454
83_4.png,SRF+SHRM,7452
83_5.png,SRF+SHRM,6881
83_6.png,SRF+SHRM,3839
83_6.png,SRF+SHRM,2289
83_7.png,SRF+SHRM,3661
83_7.png,SRF+SHRM,2118
83_8.png,SRF+SHRM,3355
83_8.png,SRF+SHRM,1932
83_9.png,SRF+SHRM,2989
83_9.png,SRF+SHRM,1432
84_6.png,SRF+SHRM,32
85_1.png,SRF+SHRM,277
85_10.png,SRF+SHRM,843
85_11.png,SRF+SHRM,614
85_12.png,SRF+SHRM,436
85_2.png,SRF+SHRM,738
85_3.png,SRF+SHRM,1201
85_4.png,SRF+SHRM,732
85_5.png,SRF+SHRM,1402
85_6.png,SRF+SHRM,1270
85_7.png,SRF+SHRM,1070
85_8.png,SRF+SHRM,2040
85_9.png,SRF+SHRM,790
86_1.png,SRF+SHRM,1500
86_10.png,SRF+SHRM,3409
86_10.png,SRF+SHRM,9
86_11.png,SRF+SHRM,2633
86_11.png,SRF+SHRM,424
86_11.png,SRF+SHRM,264
86_12.png,SRF+SHRM,4183
86_12.png,SRF+SHRM,101
86_13.png,SRF+SHRM,4922
86_14.png,SRF+SHRM,5591
86_15.png,SRF+SHRM,4543
86_16.png,SRF+SHRM,5850
86_16.png,SRF+SHRM,73
86_16.png,SRF+SHRM,69
86_17.png,SRF+SHRM,5253
86_17.png,SRF+SHRM,570
86_18.png,SRF+SHRM,4394
86_19.png,SRF+SHRM,3992
86_2.png,SRF+SHRM,1025
86_20.png,SRF+SHRM,4097
86_21.png,SRF+SHRM,3458
86_21.png,SRF+SHRM,155
86_22.png,SRF+SHRM,3333
86_22.png,SRF+SHRM,85
86_22.png,SRF+SHRM,37
86_23.png,SRF+SHRM,195
86_23.png,SRF+SHRM,3217
86_23.png,SRF+SHRM,147
86_24.png,SRF+SHRM,4725
86_24.png,SRF+SHRM,218
86_3.png,SRF+SHRM,190
86_3.png,SRF+SHRM,716
86_4.png,SRF+SHRM,1092
86_4.png,SRF+SHRM,170
86_4.png,SRF+SHRM,35
86_5.png,SRF+SHRM,856
86_5.png,SRF+SHRM,308
86_6.png,SRF+SHRM,869
86_7.png,SRF+SHRM,842
86_7.png,SRF+SHRM,604
86_8.png,SRF+SHRM,1510
86_8.png,SRF+SHRM,462
86_8.png,SRF+SHRM,30
86_8.png,SRF+SHRM,9
86_9.png,SRF+SHRM,2756
86_9.png,SRF+SHRM,57
87_1.png,SRF+SHRM,353
87_10.png,SRF+SHRM,4225
87_10.png,SRF+SHRM,36
87_11.png,SRF+SHRM,2973
87_11.png,SRF+SHRM,1300
87_12.png,SRF+SHRM,3373
87_12.png,SRF+SHRM,1456
87_12.png,SRF+SHRM,181
87_13.png,SRF+SHRM,4734
87_13.png,SRF+SHRM,108
87_14.png,SRF+SHRM,4864
87_14.png,SRF+SHRM,161
87_15.png,SRF+SHRM,5351
87_16.png,SRF+SHRM,4192
87_16.png,SRF+SHRM,1307
87_17.png,SRF+SHRM,4294
87_17.png,SRF+SHRM,1259
87_18.png,SRF+SHRM,4746
87_18.png,SRF+SHRM,989
87_19.png,SRF+SHRM,5376
87_2.png,SRF+SHRM,365
87_20.png,SRF+SHRM,3832
87_20.png,SRF+SHRM,1239
87_21.png,SRF+SHRM,4986
87_22.png,SRF+SHRM,4328
87_23.png,SRF+SHRM,3814
87_24.png,SRF+SHRM,2693
87_25.png,SRF+SHRM,2376
87_26.png,SRF+SHRM,1319
87_26.png,SRF+SHRM,238
87_27.png,SRF+SHRM,438
87_27.png,SRF+SHRM,671
87_27.png,SRF+SHRM,296
87_27.png,SRF+SHRM,11
87_28.png,SRF+SHRM,277
87_28.png,SRF+SHRM,86
87_3.png,SRF+SHRM,480
87_3.png,SRF+SHRM,185
87_4.png,SRF+SHRM,1964
87_4.png,SRF+SHRM,54
87_4.png,SRF+SHRM,69
87_5.png,SRF+SHRM,1691
87_5.png,SRF+SHRM,141
87_5.png,SRF+SHRM,61
87_5.png,SRF+SHRM,183
87_6.png,SRF+SHRM,2037
87_7.png,SRF+SHRM,1841
87_7.png,SRF+SHRM,534
87_7.png,SRF+SHRM,260
87_8.png,SRF+SHRM,3216
87_8.png,SRF+SHRM,102
87_9.png,SRF+SHRM,2612
87_9.png,SRF+SHRM,830
87_9.png,SRF+SHRM,235
87_9.png,SRF+SHRM,25
88_1.png,SRF+SHRM,1957
88_10.png,SRF+SHRM,2617
88_10.png,SRF+SHRM,282
88_10.png,SRF+SHRM,629
88_11.png,SRF+SHRM,2450
88_11.png,SRF+SHRM,237
88_12.png,SRF+SHRM,1204
88_12.png,SRF+SHRM,132
88_12.png,SRF+SHRM,582
88_13.png,SRF+SHRM,1647
88_13.png,SRF+SHRM,527
88_14.png,SRF+SHRM,958
88_14.png,SRF+SHRM,351
88_15.png,SRF+SHRM,808
88_15.png,SRF+SHRM,322
88_2.png,SRF+SHRM,2568
88_3.png,SRF+SHRM,1806
88_3.png,SRF+SHRM,569
88_4.png,SRF+SHRM,2242
88_4.png,SRF+SHRM,679
88_5.png,SRF+SHRM,2336
88_5.png,SRF+SHRM,591
88_6.png,SRF+SHRM,2648
88_6.png,SRF+SHRM,625
88_7.png,SRF+SHRM,2611
88_7.png,SRF+SHRM,562
88_8.png,SRF+SHRM,3822
88_9.png,SRF+SHRM,2971
88_9.png,SRF+SHRM,185
88_9.png,SRF+SHRM,549
89_1.png,SRF+SHRM,1749
89_1.png,SRF+SHRM,151
89_1.png,SRF+SHRM,971
89_10.png,SRF+SHRM,530
89_11.png,SRF+SHRM,1179
89_12.png,SRF+SHRM,575
89_12.png,SRF+SHRM,227
89_13.png,SRF+SHRM,604
89_14.png,SRF+SHRM,511
89_14.png,SRF+SHRM,329
89_15.png,SRF+SHRM,813
89_15.png,SRF+SHRM,253
89_16.png,SRF+SHRM,410
89_16.png,SRF+SHRM,887
89_17.png,SRF+SHRM,975
89_17.png,SRF+SHRM,565
89_17.png,SRF+SHRM,245
89_18.png,SRF+SHRM,462
89_18.png,SRF+SHRM,606
89_18.png,SRF+SHRM,308
89_2.png,SRF+SHRM,1800
89_2.png,SRF+SHRM,123
89_2.png,SRF+SHRM,1261
89_3.png,SRF+SHRM,2598
89_3.png,SRF+SHRM,1034
89_3.png,SRF+SHRM,164
89_3.png,SRF+SHRM,508
89_4.png,SRF+SHRM,1548
89_5.png,SRF+SHRM,1393
89_5.png,SRF+SHRM,95
89_6.png,SRF+SHRM,1081
89_6.png,SRF+SHRM,37
89_7.png,SRF+SHRM,897
89_8.png,SRF+SHRM,1110
89_9.png,SRF+SHRM,774
8_1.png,SRF+SHRM,1199
8_10.png,SRF+SHRM,2078
8_10.png,SRF+SHRM,648
8_11.png,SRF+SHRM,2250
8_11.png,SRF+SHRM,679
8_12.png,SRF+SHRM,2704
8_12.png,SRF+SHRM,640
8_13.png,SRF+SHRM,3611
8_13.png,SRF+SHRM,674
8_14.png,SRF+SHRM,4327
8_14.png,SRF+SHRM,598
8_15.png,SRF+SHRM,4561
8_15.png,SRF+SHRM,627
8_16.png,SRF+SHRM,4749
8_16.png,SRF+SHRM,623
8_17.png,SRF+SHRM,4514
8_17.png,SRF+SHRM,660
8_18.png,SRF+SHRM,4403
8_18.png,SRF+SHRM,704
8_19.png,SRF+SHRM,4305
8_19.png,SRF+SHRM,781
8_2.png,SRF+SHRM,957
8_20.png,SRF+SHRM,3825
8_20.png,SRF+SHRM,742
8_3.png,SRF+SHRM,1303
8_3.png,SRF+SHRM,913
8_4.png,SRF+SHRM,877
8_5.png,SRF+SHRM,519
8_5.png,SRF+SHRM,871
8_6.png,SRF+SHRM,1062
8_6.png,SRF+SHRM,932
8_7.png,SRF+SHRM,1949
8_7.png,SRF+SHRM,726
8_8.png,SRF+SHRM,2480
8_9.png,SRF+SHRM,2794
90_1.png,SRF+SHRM,533
90_1.png,SRF+SHRM,4120
90_10.png,SRF+SHRM,7860
90_10.png,SRF+SHRM,323
90_10.png,SRF+SHRM,400
90_10.png,SRF+SHRM,68
90_11.png,SRF+SHRM,6483
90_11.png,SRF+SHRM,890
90_11.png,SRF+SHRM,141
90_12.png,SRF+SHRM,6041
90_12.png,SRF+SHRM,431
90_12.png,SRF+SHRM,94
90_13.png,SRF+SHRM,5725
90_13.png,SRF+SHRM,357
90_13.png,SRF+SHRM,51
90_14.png,SRF+SHRM,5941
90_14.png,SRF+SHRM,430
90_14.png,SRF+SHRM,115
90_15.png,SRF+SHRM,3622
90_15.png,SRF+SHRM,185
90_15.png,SRF+SHRM,2310
90_15.png,SRF+SHRM,531
90_15.png,SRF+SHRM,194
90_16.png,SRF+SHRM,6142
90_17.png,SRF+SHRM,4773
90_17.png,SRF+SHRM,1159
90_17.png,SRF+SHRM,177
90_18.png,SRF+SHRM,5504
90_18.png,SRF+SHRM,1193
90_18.png,SRF+SHRM,411
90_19.png,SRF+SHRM,3769
90_19.png,SRF+SHRM,444
90_19.png,SRF+SHRM,248
90_19.png,SRF+SHRM,224
90_19.png,SRF+SHRM,781
90_19.png,SRF+SHRM,36
90_2.png,SRF+SHRM,552
90_2.png,SRF+SHRM,3856
90_2.png,SRF+SHRM,176
90_2.png,SRF+SHRM,52
90_20.png,SRF+SHRM,3702
90_20.png,SRF+SHRM,796
90_20.png,SRF+SHRM,40
90_20.png,SRF+SHRM,93
90_21.png,SRF+SHRM,1133
90_21.png,SRF+SHRM,2233
90_3.png,SRF+SHRM,5595
90_3.png,SRF+SHRM,52
90_4.png,SRF+SHRM,4700
90_4.png,SRF+SHRM,705
90_4.png,SRF+SHRM,74
90_4.png,SRF+SHRM,174
90_5.png,SRF+SHRM,4817
90_5.png,SRF+SHRM,530
90_5.png,SRF+SHRM,190
90_5.png,SRF+SHRM,197
90_6.png,SRF+SHRM,5750
90_6.png,SRF+SHRM,166
90_6.png,SRF+SHRM,544
90_6.png,SRF+SHRM,301
90_6.png,SRF+SHRM,134
90_7.png,SRF+SHRM,6111
90_7.png,SRF+SHRM,169
90_7.png,SRF+SHRM,535
90_7.png,SRF+SHRM,144
90_8.png,SRF+SHRM,2539
90_8.png,SRF+SHRM,155
90_8.png,SRF+SHRM,2655
90_8.png,SRF+SHRM,84
90_9.png,SRF+SHRM,3531
90_9.png,SRF+SHRM,1498
90_9.png,SRF+SHRM,232
90_9.png,SRF+SHRM,315
90_9.png,SRF+SHRM,172
91_1.png,SRF+SHRM,504
91_10.png,SRF+SHRM,243
91_10.png,SRF+SHRM,65
91_11.png,SRF+SHRM,268
91_12.png,SRF+SHRM,230
91_13.png,SRF+SHRM,254
91_14.png,SRF+SHRM,282
91_15.png,SRF+SHRM,257
91_16.png,SRF+SHRM,254
91_17.png,SRF+SHRM,180
91_18.png,SRF+SHRM,160
91_18.png,SRF+SHRM,1684
91_19.png,SRF+SHRM,1301
91_2.png,SRF+SHRM,488
91_20.png,SRF+SHRM,355
91_3.png,SRF+SHRM,767
91_4.png,SRF+SHRM,649
91_5.png,SRF+SHRM,563
91_6.png,SRF+SHRM,512
91_7.png,SRF+SHRM,406
91_8.png,SRF+SHRM,75
91_8.png,SRF+SHRM,288
91_9.png,SRF+SHRM,116
91_9.png,SRF+SHRM,172
92_1.png,SRF+SHRM,4070
92_1.png,SRF+SHRM,52
92_10.png,SRF+SHRM,5460
92_10.png,SRF+SHRM,1026
92_11.png,SRF+SHRM,6330
92_12.png,SRF+SHRM,4229
92_12.png,SRF+SHRM,801
92_13.png,SRF+SHRM,386
92_13.png,SRF+SHRM,2003
92_13.png,SRF+SHRM,80
92_14.png,SRF+SHRM,1008
92_14.png,SRF+SHRM,1286
92_15.png,SRF+SHRM,212
92_15.png,SRF+SHRM,2801
92_16.png,SRF+SHRM,280
92_16.png,SRF+SHRM,185
92_16.png,SRF+SHRM,982
92_16.png,SRF+SHRM,67
92_16.png,SRF+SHRM,1214
92_17.png,SRF+SHRM,664
92_17.png,SRF+SHRM,495
92_17.png,SRF+SHRM,1035
92_18.png,SRF+SHRM,1791
92_19.png,SRF+SHRM,531
92_19.png,SRF+SHRM,256
92_2.png,SRF+SHRM,2145
92_2.png,SRF+SHRM,1767
92_20.png,SRF+SHRM,496
92_20.png,SRF+SHRM,197
92_3.png,SRF+SHRM,2249
92_3.png,SRF+SHRM,1415
92_3.png,SRF+SHRM,43
92_3.png,SRF+SHRM,81
92_3.png,SRF+SHRM,655
92_4.png,SRF+SHRM,1851
92_4.png,SRF+SHRM,1328
92_4.png,SRF+SHRM,1022
92_5.png,SRF+SHRM,1777
92_5.png,SRF+SHRM,1092
92_5.png,SRF+SHRM,1172
92_5.png,SRF+SHRM,252
92_6.png,SRF+SHRM,1252
92_6.png,SRF+SHRM,2895
92_6.png,SRF+SHRM,39
92_6.png,SRF+SHRM,613
92_7.png,SRF+SHRM,2011
92_7.png,SRF+SHRM,1501
92_7.png,SRF+SHRM,1090
92_8.png,SRF+SHRM,1637
92_8.png,SRF+SHRM,1215
92_8.png,SRF+SHRM,1308
92_9.png,SRF+SHRM,4343
92_9.png,SRF+SHRM,1309
93_1.png,SRF+SHRM,150
93_1.png,SRF+SHRM,221
93_10.png,SRF+SHRM,691
93_2.png,SRF+SHRM,605
93_3.png,SRF+SHRM,697
93_4.png,SRF+SHRM,916
93_5.png,SRF+SHRM,879
93_6.png,SRF+SHRM,1043
93_7.png,SRF+SHRM,596
93_8.png,SRF+SHRM,576
93_9.png,SRF+SHRM,755
94_1.png,SRF+SHRM,961
94_10.png,SRF+SHRM,337
94_10.png,SRF+SHRM,341
94_10.png,SRF+SHRM,4
94_2.png,SRF+SHRM,323
94_2.png,SRF+SHRM,957
94_3.png,SRF+SHRM,318
94_3.png,SRF+SHRM,651
94_4.png,SRF+SHRM,392
94_4.png,SRF+SHRM,320
94_5.png,SRF+SHRM,445
94_5.png,SRF+SHRM,148
94_6.png,SRF+SHRM,284
94_6.png,SRF+SHRM,114
94_7.png,SRF+SHRM,207
94_8.png,SRF+SHRM,503
94_9.png,SRF+SHRM,675
95_9.png,SRF+SHRM,461
96_1.png,SRF+SHRM,6891
96_10.png,SRF+SHRM,4534
96_10.png,SRF+SHRM,1013
96_11.png,SRF+SHRM,5684
96_12.png,SRF+SHRM,5772
96_2.png,SRF+SHRM,7273
96_3.png,SRF+SHRM,7751
96_4.png,SRF+SHRM,7725
96_5.png,SRF+SHRM,7823
96_6.png,SRF+SHRM,7314
96_7.png,SRF+SHRM,6818
96_8.png,SRF+SHRM,6345
96_9.png,SRF+SHRM,4796
96_9.png,SRF+SHRM,1066
97_10.png,SRF+SHRM,14824
97_11.png,SRF+SHRM,16571
97_12.png,SRF+SHRM,13690
97_6.png,SRF+SHRM,9400
97_7.png,SRF+SHRM,10563
97_8.png,SRF+SHRM,13121
97_9.png,SRF+SHRM,12787
98_3.png,SRF+SHRM,204
98_4.png,SRF+SHRM,429
98_5.png,SRF+SHRM,622
98_6.png,SRF+SHRM,833
98_6.png,SRF+SHRM,160
98_7.png,SRF+SHRM,740
98_7.png,SRF+SHRM,66
98_8.png,SRF+SHRM,829
98_9.png,SRF+SHRM,522
99_1.png,SRF+SHRM,6445
99_1.png,SRF+SHRM,43
99_1.png,SRF+SHRM,614
99_10.png,SRF+SHRM,11637
99_11.png,SRF+SHRM,12016
99_12.png,SRF+SHRM,12408
99_13.png,SRF+SHRM,11634
99_14.png,SRF+SHRM,8215
99_14.png,SRF+SHRM,898
99_15.png,SRF+SHRM,8508
99_15.png,SRF+SHRM,1104
99_16.png,SRF+SHRM,8496
99_17.png,SRF+SHRM,7838
99_18.png,SRF+SHRM,7419
99_19.png,SRF+SHRM,7373
99_2.png,SRF+SHRM,5619
99_2.png,SRF+SHRM,216
99_20.png,SRF+SHRM,6807
99_21.png,SRF+SHRM,7091
99_22.png,SRF+SHRM,6009
99_3.png,SRF+SHRM,5857
99_3.png,SRF+SHRM,621
99_4.png,SRF+SHRM,9128
99_5.png,SRF+SHRM,8869
99_6.png,SRF+SHRM,8629
99_7.png,SRF+SHRM,11398
99_8.png,SRF+SHRM,10943
99_8.png,SRF+SHRM,92
99_9.png,SRF+SHRM,9268
9_1.png,SRF+SHRM,144
9_1.png,SRF+SHRM,135
9_10.png,SRF+SHRM,2332
9_11.png,SRF+SHRM,1526
9_2.png,SRF+SHRM,173
9_2.png,SRF+SHRM,347
9_3.png,SRF+SHRM,281
9_3.png,SRF+SHRM,615
9_4.png,SRF+SHRM,727
9_5.png,SRF+SHRM,1686
9_6.png,SRF+SHRM,91
9_6.png,SRF+SHRM,877
9_6.png,SRF+SHRM,308
9_7.png,SRF+SHRM,2046
9_8.png,SRF+SHRM,1922
9_9.png,SRF+SHRM,1629
