cls,label,area_patches,score
IRF,0,0.0,0.0007588148
IRF,0,0.0,0.005247927
IRF,0,0.0,0.0076390267
IRF,0,0.0,0.008541679
IRF,0,0.0,0.008040046
IRF,0,0.0,0.0065901754
IRF,0,0.0,0.008046722
IRF,0,0.0,0.009914589
IRF,0,0.0,0.016361237
IRF,0,0.0,0.0119075775
IRF,0,0.0,0.01916542
IRF,0,0.0,0.00049040315
IRF,0,0.0,0.017005157
IRF,0,0.0,0.003683281
IRF,0,0.0,0.009370804
IRF,0,0.0,0.0046167374
IRF,0,0.0,0.0076194764
IRF,0,0.0,0.010715485
IRF,0,0.0,0.009707642
IRF,0,0.0,0.00942955
IRF,0,0.0,0.011067962
IRF,0,0.0,0.00082483294
IRF,0,0.0,0.0015721798
IRF,0,0.0,0.002364397
IRF,0,0.0,0.0042440416
IRF,0,0.0,0.003430748
IRF,0,0.0,0.0030109882
IRF,0,0.0,0.003034091
IRF,0,0.0,0.002218771
IRF,0,0.0,0.012602615
IRF,0,0.0,0.02654953
IRF,0,0.0,0.093754575
IRF,0,0.0,0.1515503
IRF,0,0.0,0.5042969
IRF,0,0.0,0.8510742
IRF,0,0.0,0.9716797
IRF,0,0.0,0.9569336
IRF,0,0.0,0.9446289
IRF,0,0.0,0.9884766
IRF,0,0.0,0.0022993088
IRF,0,0.0,0.9707031
IRF,0,0.0,0.98896486
IRF,1,0.6931486611265005,0.9405273
IRF,1,1.884893813481071,0.9734375
IRF,1,4.95067405355494,0.9959961
IRF,1,7.075364727608495,0.9980469
IRF,1,7.664450600184672,0.99794924
IRF,1,8.638116343490305,0.99794924
IRF,0,0.0,0.0027070045
IRF,1,9.582825484764543,0.99785155
IRF,0,0.0,0.0018307685
IRF,0,0.0,0.0027037144
IRF,0,0.0,0.0026352406
IRF,0,0.0,0.0034580708
IRF,0,0.0,0.004927063
IRF,0,0.0,0.007790947
IRF,0,0.0,0.02421112
IRF,0,0.0,0.11192016
IRF,0,0.0,0.10199203
IRF,0,0.0,0.06270256
IRF,0,0.0,0.060087584
IRF,0,0.0,0.038655855
IRF,0,0.0,0.044392396
IRF,0,0.0,0.031837083
IRF,0,0.0,0.045114897
IRF,0,0.0,0.040812682
IRF,0,0.0,0.03482666
IRF,0,0.0,0.049517058
IRF,0,0.0,0.047027588
IRF,0,0.0,0.05404816
IRF,0,0.0,0.045268632
IRF,0,0.0,0.04691696
IRF,0,0.0,0.034184266
IRF,0,0.0,0.10359573
IRF,0,0.0,0.06865616
IRF,0,0.0,0.0022700788
IRF,0,0.0,0.0024518967
IRF,0,0.0,0.0036481856
IRF,0,0.0,0.0038097382
IRF,0,0.0,0.00879097
IRF,0,0.0,0.008550644
IRF,0,0.0,0.007871628
IRF,0,0.0,0.0097435
IRF,0,0.0,0.008975601
IRF,0,0.0,0.006142807
IRF,0,0.0,0.004653168
IRF,0,0.0,0.0062791347
IRF,0,0.0,0.0032255172
IRF,0,0.0,0.0030216216
IRF,0,0.0,0.0028650283
IRF,0,0.0,0.0030464171
IRF,0,0.0,0.005437088
IRF,0,0.0,0.0042461394
IRF,0,0.0,0.0047042845
IRF,0,0.0,0.003850174
IRF,0,0.0,0.008784103
IRF,0,0.0,0.003624153
IRF,0,0.0,0.007603121
IRF,0,0.0,0.0026410103
IRF,0,0.0,0.0010786295
IRF,0,0.0,0.0072798254
IRF,0,0.0,0.0021427392
IRF,0,0.0,0.0014687777
IRF,0,0.0,0.0008182049
IRF,0,0.0,0.0016077042
IRF,0,0.0,0.0015447617
IRF,0,0.0,0.002898407
IRF,0,0.0,0.0032005548
IRF,0,0.0,0.004327059
IRF,0,0.0,0.0063435556
IRF,0,0.0,0.0050978186
IRF,0,0.0,0.0035046102
IRF,0,0.0,0.005053711
IRF,0,0.0,0.0047749756
IRF,0,0.0,0.0059241774
IRF,0,0.0,0.0055645704
IRF,0,0.0,0.00648489
IRF,0,0.0,0.003008938
IRF,0,0.0,0.004788518
IRF,0,0.0,0.0026435852
IRF,0,0.0,0.0030129433
IRF,0,0.0,0.0028678416
IRF,0,0.0,0.002113986
IRF,0,0.0,0.002903819
IRF,0,0.0,0.0029001713
IRF,0,0.0,0.0030462742
IRF,0,0.0,0.01401329
IRF,0,0.0,0.15786743
IRF,0,0.0,0.17299804
IRF,1,3.114644506001847,0.6111816
IRF,1,0.14206832871652816,0.98769534
IRF,1,0.24522622345337028,0.97128904
IRF,1,0.16016620498614959,0.99492186
IRF,0,0.0,0.12687989
IRF,1,0.04976915974145891,0.28688964
IRF,1,0.33300092336103415,0.19416504
IRF,1,0.713056325023084,0.15332031
IRF,0,0.0,0.011802673
IRF,1,0.6831948291782087,0.13636474
IRF,1,0.548365650969529,0.18061523
IRF,1,0.5456509695290859,0.18149415
IRF,1,0.6008494921514312,0.08779297
IRF,1,0.6596675900277008,0.08099671
IRF,1,0.38186518928901203,0.23693848
IRF,1,0.5764173591874423,0.080877684
IRF,1,1.1917451523545706,0.030645752
IRF,1,1.118448753462604,0.069293216
IRF,1,0.8958448753462604,0.08106079
IRF,0,0.0,0.04954834
IRF,0,0.0,0.044790648
IRF,0,0.0,0.060043335
IRF,0,0.0,0.05747986
IRF,0,0.0,0.06975708
IRF,0,0.0,0.03829956
IRF,0,0.0,0.046817016
IRF,0,0.0,0.027244568
IRF,0,0.0,0.03225708
IRF,0,0.0,0.005931473
IRF,0,0.0,0.011133862
IRF,1,0.05248384118190212,0.0065572737
IRF,1,0.12939981532779318,0.02312622
IRF,0,0.0,0.08831253
IRF,0,0.0,0.029377365
IRF,0,0.0,0.045078278
IRF,0,0.0,0.019087981
IRF,0,0.0,0.01788788
IRF,0,0.0,0.010181427
IRF,0,0.0,0.0064401627
IRF,0,0.0,0.00663414
IRF,0,0.0,0.00685482
IRF,0,0.0,0.004447651
IRF,0,0.0,0.0041784765
IRF,0,0.0,0.0034753322
IRF,0,0.0,0.005343056
IRF,0,0.0,0.006095505
IRF,0,0.0,0.0069761276
IRF,0,0.0,0.007656002
IRF,0,0.0,0.004389763
IRF,0,0.0,0.007093811
IRF,0,0.0,0.0069436072
IRF,0,0.0,0.0074005127
IRF,0,0.0,0.0045984746
IRF,0,0.0,0.0044912817
IRF,0,0.0,0.0048048496
IRF,0,0.0,0.0073776245
IRF,0,0.0,0.0046675205
IRF,0,0.0,0.005147314
IRF,1,0.16016620498614959,0.10664673
IRF,1,1.3329085872576178,0.87055665
IRF,1,1.2007940904893815,0.9332031
IRF,1,0.9836195752539243,0.8777832
IRF,1,1.1012557710064637,0.83139646
IRF,1,1.5699907663896584,0.94873047
IRF,1,1.3908217913204064,0.8296875
IRF,1,1.3392428439519852,0.66071165
IRF,1,1.1220683287165283,0.95996094
IRF,1,0.35471837488457986,0.604541
IRF,0,0.0,0.20837402
IRF,0,0.0,0.06680374
IRF,0,0.0,0.72094727
IRF,1,0.44701754385964915,0.73447263
IRF,1,0.6117082179132041,0.5701172
IRF,1,0.6623822714681441,0.50667113
IRF,1,0.7646352723915051,0.77626956
IRF,1,0.8668882733148662,0.8581543
IRF,1,1.0089566020313943,0.7654297
IRF,1,1.1148291782086797,0.8628906
IRF,0,0.0,0.08141937
IRF,0,0.0,0.027708054
IRF,1,0.11401662049861495,0.43951416
IRF,1,0.9962880886426593,0.87294924
IRF,1,0.178264081255771,0.74248046
IRF,0,0.0,0.026330184
IRF,1,0.37643582640812556,0.5344238
IRF,1,0.3510987996306556,0.56591797
IRF,1,0.43163434903047093,0.7675781
IRF,1,0.5311726685133887,0.80498046
IRF,1,0.4343490304709141,0.51081544
IRF,0,0.0,0.057337187
IRF,1,0.1565466297322253,0.67998046
IRF,0,0.0,0.48479003
IRF,0,0.0,0.11379471
IRF,0,0.0,0.25474244
IRF,0,0.0,0.5206299
IRF,0,0.0,0.107113644
IRF,0,0.0,0.22647706
IRF,0,0.0,0.022670556
IRF,0,0.0,0.14190063
IRF,0,0.0,0.2541092
IRF,0,0.0,0.26975402
IRF,0,0.0,0.1891098
IRF,0,0.0,0.12342949
IRF,0,0.0,0.016862392
IRF,0,0.0,0.082596585
IRF,0,0.0,0.07776146
IRF,0,0.0,0.07635231
IRF,0,0.0,0.062516786
IRF,0,0.0,0.08756409
IRF,0,0.0,0.29848328
IRF,0,0.0,0.20107575
IRF,0,0.0,0.0076169968
IRF,0,0.0,0.019084167
IRF,0,0.0,0.020622253
IRF,0,0.0,0.02260971
IRF,0,0.0,0.06637573
IRF,0,0.0,0.044786073
IRF,0,0.0,0.013851166
IRF,0,0.0,0.026835632
IRF,0,0.0,0.029206848
IRF,0,0.0,0.0063705444
IRF,0,0.0,0.020111466
IRF,0,0.0,0.016459275
IRF,0,0.0,0.015807342
IRF,0,0.0,0.013490677
IRF,0,0.0,0.013522339
IRF,0,0.0,0.016265105
IRF,0,0.0,0.023161316
IRF,1,0.49316712834718374,0.25684816
IRF,0,0.0,0.11687622
IRF,0,0.0,0.08435211
IRF,0,0.0,0.20826416
IRF,0,0.0,0.15046386
IRF,0,0.0,0.1119812
IRF,0,0.0,0.14413452
IRF,0,0.0,0.096954346
IRF,0,0.0,0.115026854
IRF,0,0.0,0.10830078
IRF,0,0.0,0.10821991
IRF,0,0.0,0.06945648
IRF,0,0.0,0.46743163
IRF,1,0.3510987996306556,0.9500977
IRF,1,1.322954755309326,0.98525393
IRF,1,4.110932594644506,0.9959961
IRF,1,2.646814404432133,0.9986328
IRF,1,3.6666297322253003,0.99785155
IRF,1,3.4404062788550323,0.99921876
IRF,1,3.8548476454293628,0.9995117
IRF,1,3.6584856879039704,0.9993164
IRF,1,1.3320036934441366,0.9866211
IRF,1,2.2061311172668514,0.8361328
IRF,0,0.0,0.8599609
IRF,1,0.2633240997229917,0.87949216
IRF,1,3.3535364727608497,0.994043
IRF,1,2.904709141274238,0.993457
IRF,1,3.612336103416436,0.9961914
IRF,1,3.7996491228070175,0.99550784
IRF,1,2.5771375807940906,0.99423826
IRF,1,2.177174515235457,0.9932617
IRF,1,0.8343120960295476,0.9821289
IRF,1,0.48411819021237307,0.6666504
IRF,1,2.4278301015697137,0.99072266
IRF,0,0.0,0.67143553
IRF,1,4.609529085872576,0.996875
IRF,1,4.987774699907664,0.99179685
IRF,1,4.1290304709141274,0.9958008
IRF,1,4.0303970452446904,0.99902344
IRF,1,4.980535549399815,0.9536133
IRF,0,0.0,0.36691895
IRF,0,0.0,0.570459
IRF,0,0.0,0.76655275
IRF,0,0.0,0.6043457
IRF,0,0.0,0.8336914
IRF,0,0.0,0.97373044
IRF,0,0.0,0.091667175
IRF,0,0.0,0.013027191
IRF,0,0.0,0.012922669
IRF,0,0.0,0.02316742
IRF,0,0.0,0.023504639
IRF,0,0.0,0.08988953
IRF,0,0.0,0.023771668
IRF,0,0.0,0.019049834
IRF,0,0.0,0.007777405
IRF,0,0.0,0.028358078
IRF,0,0.0,0.15011597
IRF,0,0.0,0.078379825
IRF,0,0.0,0.0731018
IRF,0,0.0,0.010969353
IRF,0,0.0,0.02834015
IRF,0,0.0,0.030441284
IRF,0,0.0,0.058584593
IRF,1,0.4117266851338874,0.7530273
IRF,1,0.3999630655586334,0.7369629
IRF,1,0.789067405355494,0.9885742
IRF,0,0.0,0.047329713
IRF,1,0.546555863342567,0.94316405
IRF,1,0.5673684210526316,0.9082031
IRF,1,0.8288827331486611,0.88486326
IRF,1,0.30947368421052635,0.5114868
IRF,0,0.0,0.1309082
IRF,0,0.0,0.815625
IRF,0,0.0,0.12243958
IRF,1,0.3619575253924284,0.58515626
IRF,1,0.1348291782086796,0.10760651
IRF,1,0.6180424746075716,0.86191404
IRF,1,0.3293813481071099,0.4237793
IRF,1,0.3574330563250231,0.8557617
IRF,1,0.07239150507848569,0.897168
IRF,1,0.21265004616805172,0.9571289
IRF,1,0.8506001846722069,0.85478514
IRF,1,0.6895290858725762,0.92978513
IRF,0,0.0,0.6963867
IRF,1,0.46330563250230844,0.06705437
IRF,0,0.0,0.018331338
IRF,0,0.0,0.107781984
IRF,0,0.0,0.02562294
IRF,0,0.0,0.037849806
IRF,0,0.0,0.07309799
IRF,1,0.1094921514312096,0.07594223
IRF,1,0.054293628808864264,0.09145355
IRF,0,0.0,0.1364624
IRF,0,0.0,0.13817139
IRF,0,0.0,0.12598571
IRF,0,0.0,0.0026301383
IRF,0,0.0,0.0007610798
IRF,0,0.0,0.00057041645
IRF,0,0.0,0.00058078766
IRF,0,0.0,0.00059416296
IRF,0,0.0,0.00034399034
IRF,0,0.0,0.00038102866
IRF,0,0.0,0.0008205652
IRF,0,0.0,0.0022149563
IRF,0,0.0,0.0017380714
IRF,0,0.0,0.0016283036
IRF,0,0.0,0.00088176725
IRF,0,0.0,0.004260731
IRF,0,0.0,0.0035528182
IRF,0,0.0,0.003752327
IRF,0,0.0,0.0026782036
IRF,0,0.0,0.0027574063
IRF,0,0.0,0.0016801357
IRF,0,0.0,0.00091621873
IRF,0,0.0,0.00082092284
IRF,0,0.0,0.00064888
IRF,0,0.0,0.0010652781
IRF,0,0.0,0.0007819891
IRF,0,0.0,0.0007167101
IRF,0,0.0,0.00059578416
IRF,1,0.021717451523545706,0.008097219
IRF,0,0.0,0.017135715
IRF,0,0.0,0.015042305
IRF,0,0.0,0.016765976
IRF,0,0.0,0.009686184
IRF,0,0.0,0.0066565275
IRF,0,0.0,0.014782238
IRF,0,0.0,0.011686849
IRF,0,0.0,0.06985016
IRF,0,0.0,0.042989157
IRF,0,0.0,0.013195324
IRF,1,0.09591874422899353,0.009555483
IRF,1,0.1692151431209603,0.05902634
IRF,1,0.15745152354570638,0.0439888
IRF,0,0.0,0.029573059
IRF,0,0.0,0.04754181
IRF,0,0.0,0.08344726
IRF,0,0.0,0.0045331954
IRF,0,0.0,0.006233883
IRF,0,0.0,0.008342457
IRF,0,0.0,0.0075403214
IRF,0,0.0,0.0064443112
IRF,0,0.0,0.006828976
IRF,0,0.0,0.0076799393
IRF,1,0.3139981532779317,0.007514334
IRF,1,0.29951985226223454,0.36441192
IRF,1,0.41896583564173595,0.17430325
IRF,1,0.7555863342566944,0.36447906
IRF,1,0.6189473684210527,0.65784913
IRF,0,0.0,0.008841085
IRF,0,0.0,0.012971878
IRF,0,0.0,0.012037086
IRF,1,0.06967682363804248,0.004883242
IRF,1,0.04886426592797784,0.0037758828
IRF,0,0.0,0.0019120693
IRF,1,0.41444136657433056,0.010330391
IRF,1,0.019907663896583563,0.003130293
IRF,1,0.3854847645429363,0.058318995
IRF,1,0.8098799630655587,0.24581642
IRF,0,0.0,0.05146246
IRF,1,0.3891043397968606,0.27486134
IRF,1,0.5094552169898431,0.70012206
IRF,1,0.2515604801477378,0.27272415
IRF,1,0.26513388734995386,0.096763894
IRF,0,0.0,0.00058130024
IRF,0,0.0,0.001970434
IRF,0,0.0,0.00046286584
IRF,0,0.0,0.0006857991
IRF,0,0.0,0.0010469079
IRF,0,0.0,0.00050456525
IRF,0,0.0,0.00094434025
IRF,0,0.0,0.0019267797
IRF,0,0.0,0.0013727546
IRF,0,0.0,0.00080679654
IRF,1,0.03167128347183749,0.038394164
IRF,0,0.0,0.071588136
IRF,0,0.0,0.056829832
IRF,0,0.0,0.07540283
IRF,0,0.0,0.022364806
IRF,0,0.0,0.032087706
IRF,0,0.0,0.033468626
IRF,0,0.0,0.03822937
IRF,1,0.047959372114496766,0.014435577
SRF,0,0.0,0.006927681
SRF,1,5.659205909510619,0.99746096
SRF,1,5.937008310249308,0.9986328
SRF,1,6.413887349953832,0.9995117
SRF,1,6.6401108033241,0.99921876
SRF,1,6.458227146814404,0.9951172
SRF,1,6.298965835641736,0.99072266
SRF,1,6.267294552169899,0.9794922
SRF,1,6.2899168975069255,0.96533203
SRF,1,8.446278855032318,0.99228513
SRF,1,8.36302862419206,0.9808594
SRF,0,0.0,0.95234376
SRF,1,8.692409972299169,0.95839846
SRF,1,8.201957525392428,0.97822267
SRF,1,8.857100646352723,0.9982422
SRF,1,8.466186518928902,0.99833983
SRF,1,9.227202216066482,0.9994141
SRF,1,9.494145891043399,0.99970704
SRF,1,9.14938134810711,0.99921876
SRF,1,9.361126500461681,0.99902344
SRF,1,8.80280701754386,0.99960935
SRF,1,0.4352539242843952,0.98164064
SRF,1,1.3274792243767313,0.9961914
SRF,1,1.3953462603878117,0.99726564
SRF,1,2.0161034164358265,0.97978514
SRF,1,3.5073684210526315,0.99482423
SRF,1,4.61224376731302,0.99853516
SRF,1,5.357876269621422,0.99833983
SRF,0,0.0,0.018191528
SRF,0,0.0,0.027708435
SRF,0,0.0,0.015576934
SRF,0,0.0,0.018117523
SRF,0,0.0,0.022375489
SRF,0,0.0,0.023149109
SRF,0,0.0,0.031881712
SRF,0,0.0,0.04848938
SRF,0,0.0,0.0778595
SRF,0,0.0,0.103479005
SRF,0,0.0,0.1447876
SRF,0,0.0,0.017901992
SRF,0,0.0,0.082272336
SRF,0,0.0,0.10168457
SRF,0,0.0,0.08994751
SRF,0,0.0,0.08540039
SRF,0,0.0,0.10942078
SRF,0,0.0,0.12530518
SRF,0,0.0,0.11048279
SRF,0,0.0,0.13037415
SRF,0,0.0,0.04318695
SRF,0,0.0,0.113398746
SRF,0,0.0,0.046331786
SRF,0,0.0,0.07474365
SRF,0,0.0,0.014597321
SRF,0,0.0,0.016112518
SRF,0,0.0,0.021133423
SRF,0,0.0,0.018532563
SRF,0,0.0,0.0056537627
SRF,0,0.0,0.07900314
SRF,0,0.0,0.08835907
SRF,0,0.0,0.07173462
SRF,0,0.0,0.13233033
SRF,0,0.0,0.18776855
SRF,0,0.0,0.12017212
SRF,0,0.0,0.13758239
SRF,0,0.0,0.04365387
SRF,0,0.0,0.03270912
SRF,0,0.0,0.031253435
SRF,0,0.0,0.09846344
SRF,0,0.0,0.050967406
SRF,0,0.0,0.09943847
SRF,0,0.0,0.042845152
SRF,0,0.0,0.046997834
SRF,1,0.0018097876269621423,0.040803146
SRF,0,0.0,0.055667497
SRF,0,0.0,0.05001068
SRF,0,0.0,0.053113174
SRF,1,4.529898430286242,0.9995117
SRF,1,4.820369344413666,0.9989258
SRF,1,5.578670360110803,0.9982422
SRF,1,5.959630655586334,0.9993164
SRF,1,5.979538319482918,0.99912107
SRF,1,5.810323176361957,0.9958008
SRF,1,5.385023084025854,0.9988281
SRF,1,5.197710064635272,0.9989258
SRF,1,5.35606648199446,0.99902344
SRF,1,5.589529085872576,0.99902344
SRF,1,0.4044875346260388,0.9819336
SRF,1,6.587626962142198,0.9995117
SRF,1,7.031024930747923,0.99970704
SRF,1,7.3567867036011085,0.99921876
SRF,1,7.440941828254847,0.99912107
SRF,1,7.4246537396121886,0.99921876
SRF,1,6.569529085872576,0.9989258
SRF,1,5.680923361034164,0.9989258
SRF,1,4.95881809787627,0.9989258
SRF,1,4.1190766389658355,0.9988281
SRF,1,3.7625484764542936,0.9988281
SRF,1,0.9347553093259464,0.9969727
SRF,1,3.242234533702678,0.9989258
SRF,1,1.90932594644506,0.9987305
SRF,1,1.6957710064635272,0.9986328
SRF,1,2.0667774699907664,0.9994141
SRF,1,2.2242289935364727,0.99853516
SRF,1,2.51741458910434,0.9976562
SRF,1,3.2666666666666666,0.9984375
SRF,1,3.7761218836565096,0.9994141
SRF,0,0.0,0.002383375
SRF,1,0.07329639889196676,0.0020700456
SRF,1,0.1348291782086796,0.0028179646
SRF,0,0.0,0.0020602464
SRF,0,0.0,0.00106467
SRF,1,0.021717451523545706,0.00085853337
SRF,0,0.0,0.0015840053
SRF,0,0.0,0.0012185574
SRF,0,0.0,0.00090978143
SRF,0,0.0,0.0011296511
SRF,0,0.0,0.00072466134
SRF,0,0.0,0.001955557
SRF,0,0.0,0.00066990854
SRF,0,0.0,0.001887393
SRF,0,0.0,0.0026751994
SRF,0,0.0,0.002020502
SRF,0,0.0,0.0025580407
SRF,0,0.0,0.0082708355
SRF,0,0.0,0.011236191
SRF,0,0.0,0.0034795285
SRF,1,0.9465189289012004,0.96787107
SRF,1,3.6494367497691598,0.9998047
SRF,1,3.756214219759926,0.99990237
SRF,1,4.687349953831949,0.9998047
SRF,1,3.9878670360110804,0.99912107
SRF,1,3.853942751615882,0.99970704
SRF,1,4.436694367497692,0.9987305
SRF,1,3.588808864265928,0.9993164
SRF,1,3.483841181902124,0.99912107
SRF,1,3.524561403508772,0.9995117
SRF,1,7.470803324099723,0.99970704
SRF,1,1.0107663896583565,0.9463867
SRF,1,7.4038411819021235,0.9998047
SRF,1,6.2356232686980615,0.99970704
SRF,1,7.345927977839335,0.9998047
SRF,1,6.492613111726685,0.99990237
SRF,1,5.152465373961219,0.9998047
SRF,1,5.369639889196676,0.9998047
SRF,1,6.022973222530009,0.99960935
SRF,1,6.134275161588181,0.9994141
SRF,1,6.093554939981533,0.99960935
SRF,1,6.5885318559556785,0.99990237
SRF,1,1.4179686057248384,0.9771484
SRF,1,8.302400738688828,0.9998047
SRF,1,1.4107294552169898,0.96904296
SRF,1,1.7202031394275161,0.96962893
SRF,1,1.832409972299169,0.99228513
SRF,1,2.3744413665743305,0.99306643
SRF,1,2.852225300092336,0.99384767
SRF,1,3.4132594644506002,0.9993164
SRF,1,0.17735918744228993,0.8296875
SRF,1,0.40358264081255774,0.9441406
SRF,1,0.178264081255771,0.6371094
SRF,1,0.26694367497691596,0.9248047
SRF,1,0.13663896583564175,0.9692383
SRF,1,0.4877377654662973,0.98828125
SRF,1,0.6623822714681441,0.9560547
SRF,1,0.49588180978762697,0.9703125
SRF,1,0.6795752539242844,0.98125
SRF,1,0.6035641735918744,0.9689453
SRF,1,0.3139981532779317,0.96181643
SRF,1,0.33119113573407205,0.9518555
SRF,0,0.0,0.022113228
SRF,0,0.0,0.02957039
SRF,0,0.0,0.013185406
SRF,0,0.0,0.019426918
SRF,0,0.0,0.019323539
SRF,0,0.0,0.0182436
SRF,0,0.0,0.030584717
SRF,0,0.0,0.035478972
SRF,0,0.0,0.025100708
SRF,0,0.0,0.01931877
SRF,0,0.0,0.03983917
SRF,0,0.0,0.017249107
SRF,0,0.0,0.024751281
SRF,0,0.0,0.025144577
SRF,0,0.0,0.024324035
SRF,0,0.0,0.02414379
SRF,0,0.0,0.052298736
SRF,0,0.0,0.023124695
SRF,0,0.0,0.032273483
SRF,1,1.3057617728531856,0.9953125
SRF,1,3.1001662049861496,0.99921876
SRF,1,3.2983379501385044,0.9995117
SRF,1,3.331819021237304,0.9995117
SRF,1,3.1734626038781166,0.9994141
SRF,1,3.0259649122807017,0.9981445
SRF,1,3.230470914127424,0.99921876
SRF,1,3.1924653739612188,0.9989258
SRF,1,3.168938134810711,0.99912107
SRF,1,2.111117266851339,0.9995117
SRF,1,3.4331671283471836,0.9998047
SRF,1,1.719298245614035,0.9986328
SRF,1,4.406832871652816,0.9987305
SRF,1,2.1156417359187443,0.9988281
SRF,1,3.638578024007387,0.9984375
SRF,1,2.8042659279778395,0.9988281
SRF,1,3.128217913204063,0.9980469
SRF,1,3.3435826408125577,0.9988281
SRF,1,3.285669436749769,0.99902344
SRF,1,3.2431394275161587,0.9993164
SRF,0,0.0,0.085314944
SRF,0,0.0,0.020906162
SRF,0,0.0,0.03277073
SRF,0,0.0,0.099256895
SRF,0,0.0,0.095588684
SRF,0,0.0,0.06190758
SRF,0,0.0,0.27576447
SRF,1,0.19364727608494922,0.7950195
SRF,1,0.36829178208679597,0.96787107
SRF,1,0.47144967682363803,0.87783206
SRF,1,0.22169898430286242,0.70649415
SRF,0,0.0,0.03960953
SRF,1,0.17373961218836564,0.59277344
SRF,0,0.0,0.02654953
SRF,0,0.0,0.036442567
SRF,0,0.0,0.036359407
SRF,1,0.08053554939981533,0.052886583
SRF,0,0.0,0.085178755
SRF,0,0.0,0.047214128
SRF,0,0.0,0.08739205
SRF,0,0.0,0.048846435
SRF,0,0.0,0.017044257
SRF,0,0.0,0.01873684
SRF,0,0.0,0.01695404
SRF,0,0.0,0.13481025
SRF,0,0.0,0.070912555
SRF,0,0.0,0.08723316
SRF,0,0.0,0.23212509
SRF,0,0.0,0.23834534
SRF,0,0.0,0.20992431
SRF,0,0.0,0.14450303
SRF,0,0.0,0.104328915
SRF,0,0.0,0.03211441
SRF,1,2.454976915974146,0.9883789
SRF,1,2.812409972299169,0.9980469
SRF,1,4.083785780240074,0.9977539
SRF,1,3.4539796860572483,0.9994141
SRF,1,2.7789289012003695,0.9998047
SRF,1,3.344487534626039,0.99990237
SRF,1,6.460036934441367,0.99970704
SRF,1,7.452705447830102,0.99970704
SRF,1,7.957636195752539,0.99990237
SRF,1,2.8314127423822715,0.9921875
SRF,1,3.228661126500462,0.99365234
SRF,1,3.702825484764543,0.99228513
SRF,1,4.399593721144968,0.99609375
SRF,1,3.5073684210526315,0.9976562
SRF,1,2.6947737765466298,0.9981445
SRF,1,3.1743674976915974,0.9980469
SRF,1,3.0730193905817176,0.99794924
SRF,0,0.0,0.0054789544
SRF,0,0.0,0.022852708
SRF,0,0.0,0.017228127
SRF,0,0.0,0.0061569214
SRF,0,0.0,0.0039530275
SRF,0,0.0,0.0043610097
SRF,0,0.0,0.0052711964
SRF,0,0.0,0.0058519365
SRF,0,0.0,0.013434601
SRF,0,0.0,0.008652687
SRF,0,0.0,0.019162942
SRF,0,0.0,0.045710754
SRF,1,1.15735918744229,0.9873047
SRF,1,2.3554385964912283,0.9981445
SRF,1,2.467645429362881,0.9982422
SRF,1,2.6513388734995385,0.99746096
SRF,1,2.8024561403508774,0.9961914
SRF,1,2.978005540166205,0.9957031
SRF,1,3.3291043397968605,0.99609375
SRF,1,3.3263896583564176,0.99375
SRF,1,3.501034164358264,0.99736327
SRF,1,5.608531855955679,0.99902344
SRF,1,4.0068698060941825,0.9998047
SRF,1,1.4080147737765467,0.9963867
SRF,1,5.551523545706371,0.9998047
SRF,1,3.6955863342566944,0.9993164
SRF,1,3.868421052631579,0.9995117
SRF,1,3.8367497691597414,0.9993164
SRF,1,3.868421052631579,0.9995117
SRF,1,3.81865189289012,0.9995117
SRF,1,3.655771006463527,0.99960935
SRF,1,3.5155124653739613,0.99970704
SRF,1,3.265761772853186,0.99970704
SRF,1,2.548180978762696,0.9988281
SRF,1,1.578134810710988,0.99746096
SRF,1,2.302954755309326,0.9982422
SRF,1,1.8812742382271468,0.99794924
SRF,1,1.8088827331486612,0.9994141
SRF,1,1.6487165281625116,0.99902344
SRF,1,1.310286241920591,0.9994141
SRF,1,1.8432686980609418,0.9987305
SRF,1,1.8785595567867037,0.9995117
SRF,1,4.133554939981533,0.9977539
SRF,1,2.0884949215143123,0.9975586
SRF,1,2.199796860572484,0.9970703
SRF,1,2.215180055401662,0.9962891
SRF,0,0.0,0.34147948
SRF,1,1.0098614958448753,0.99960935
SRF,1,1.1401662049861496,0.99912107
SRF,1,1.4595937211449677,0.99902344
SRF,1,1.6197599261311173,0.99912107
SRF,1,1.8921329639889197,0.99970704
SRF,1,2.252280701754386,0.9989258
SRF,1,2.616952908587258,0.99960935
SRF,1,3.904616805170822,0.99970704
SRF,0,0.0,0.10971375
SRF,0,0.0,0.35195312
SRF,1,0.06515235457063712,0.74677736
SRF,0,0.0,0.7393066
SRF,1,0.019002770083102492,0.8357422
SRF,1,0.03529085872576177,0.6301514
SRF,0,0.0,0.9866211
SRF,1,0.585466297322253,0.9989258
SRF,0,0.0,0.1827362
SRF,1,0.814404432132964,0.840625
SRF,1,3.92814404432133,0.912793
SRF,1,6.3867405355494,0.95
SRF,1,7.231911357340721,0.9723633
SRF,1,7.377599261311173,0.9790039
SRF,1,6.04016620498615,0.9632813
SRF,1,0.3040443213296399,0.79111326
SRF,1,0.3257617728531856,0.8019043
SRF,1,0.22893813481071099,0.42143553
SRF,1,0.19364727608494922,0.59580076
SRF,1,0.4388734995383195,0.26544648
SRF,1,0.05157894736842105,0.36600646
SRF,1,0.14659279778393353,0.13507919
SRF,1,0.07601108033240997,0.18004532
SRF,1,0.5619390581717452,0.2512207
SRF,1,0.7320590951061865,0.60158694
SRF,1,1.4297322253000924,0.510437
SRF,1,2.0550138504155124,0.36616212
SRF,1,1.944616805170822,0.90302736
SRF,1,0.10768236380424746,0.96191406
SRF,1,1.0659649122807018,0.9104492
SRF,1,0.2226038781163435,0.007149172
SRF,1,0.038910433979686056,0.015507126
SRF,1,0.21084025854108956,0.0062229633
SRF,1,0.1312096029547553,0.007817745
SRF,0,0.0,0.01121788
SRF,0,0.0,0.011112022
SRF,0,0.0,0.010579681
SRF,0,0.0,0.018537903
SRF,0,0.0,0.016000366
SRF,0,0.0,0.012710571
SRF,1,6.7550323176361955,0.9935547
SRF,1,3.312816251154201,0.9981445
SRF,1,2.8612742382271468,0.9958008
SRF,1,2.1274053554939982,0.9953125
SRF,1,2.558134810710988,0.99433595
SRF,1,1.3374330563250232,0.9759766
SRF,1,0.9591874422899354,0.9926758
SRF,1,0.6660018467220683,0.9561523
SRF,1,1.2505632502308404,0.97490233
SRF,1,2.198891966759003,0.99501956
SRF,1,1.9002770083102494,0.99482423
SRF,1,6.8844321329639895,0.99433595
SRF,1,1.7491597414589104,0.98701173
SRF,1,1.9382825484764543,0.97998047
SRF,1,1.984432132963989,0.98945314
SRF,1,1.626999076638966,0.99296874
SRF,1,1.7464450600184673,0.9916992
SRF,1,2.7056325023084025,0.9986328
SRF,1,6.7450784856879045,0.99609375
SRF,1,6.743268698060942,0.9957031
SRF,1,6.22657433056325,0.99902344
SRF,1,5.545189289012004,0.99794924
SRF,1,5.22938134810711,0.9975586
SRF,1,4.784173591874423,0.99853516
SRF,1,4.000535549399816,0.9982422
SRF,1,1.1401662049861496,0.97041017
SRF,1,0.28866112650046166,0.34471434
SRF,0,0.0,0.12903747
SRF,1,0.09139427516158818,0.11045532
SRF,0,0.0,0.056373216
SRF,0,0.0,0.15564728
SRF,0,0.0,0.03319359
SRF,1,0.1284949215143121,0.6855957
SRF,1,0.5157894736842106,0.14310607
SRF,1,0.10406278855032318,0.5021545
SRF,1,0.1502123730378578,0.88203126
SRF,1,0.9275161588180979,0.9785156
SRF,1,0.14387811634349032,0.96796876
SRF,1,0.29590027700831023,0.96367186
SRF,1,0.2642289935364728,0.95839846
SRF,1,0.30947368421052635,0.9742187
SRF,1,0.49316712834718374,0.96542966
SRF,1,0.8198337950138505,0.9814453
SRF,1,1.068679593721145,0.9958008
SRF,1,0.7745891043397969,0.99550784
SRF,1,0.7863527239150508,0.93720704
SRF,1,0.546555863342567,0.5560547
SRF,1,0.45335180055401664,0.80810547
SRF,1,0.2470360110803324,0.51104736
SRF,0,0.0,0.009955597
SRF,1,4.38421052631579,0.5640625
SRF,1,4.360683287165282,0.92265624
SRF,1,3.82679593721145,0.6491211
SRF,1,1.884893813481071,0.92695314
SRF,1,1.3908217913204064,0.9785156
SRF,1,1.3501015697137582,0.96181643
SRF,1,1.451449676823638,0.99472654
SRF,1,1.3012373037857803,0.99130857
SRF,1,1.6206648199445983,0.99902344
SRF,1,0.712151431209603,0.9496094
SRF,1,1.05601108033241,0.047387697
SRF,1,0.6270914127423823,0.96660155
SRF,1,0.5927054478301016,0.050898742
SRF,1,0.9248014773776547,0.072315976
SRF,1,1.2885687903970453,0.064704895
SRF,1,0.5899907663896584,0.24407959
SRF,1,0.9863342566943675,0.06545105
SRF,1,1.183601108033241,0.10614319
SRF,1,2.724635272391505,0.2960083
SRF,1,0.8696029547553094,0.91904294
SRF,1,0.49678670360110805,0.1340973
SRF,1,1.158264081255771,0.80253905
SRF,1,0.8768421052631579,0.45181885
SRF,1,0.6442843951985227,0.40655518
SRF,1,0.5366020313942752,0.3349243
SRF,1,0.3601477377654663,0.07792358
SRF,1,0.18731301939058173,0.03431015
SRF,1,0.4551615881809788,0.21081543
SRF,1,0.610803324099723,0.26542968
SRF,0,0.0,0.05751419
SRF,0,0.0,0.019703865
SRF,1,0.1845983379501385,0.29816285
SRF,1,0.3881994459833795,0.90478516
SRF,1,0.5628439519852262,0.99208987
SRF,1,0.7537765466297323,0.99189454
SRF,1,0.6696214219759926,0.9952148
SRF,1,0.750156971375808,0.9878906
SRF,1,0.4723545706371191,0.9512695
PED,0,0.0,0.0025262355
PED,0,0.0,0.2948059
PED,0,0.0,0.25695953
PED,1,0.5655586334256695,0.71904296
PED,1,1.5184118190212372,0.9961914
PED,1,2.371726685133887,0.9993164
PED,1,3.550803324099723,0.99960935
PED,1,3.8847091412742385,0.9988281
PED,1,4.6466297322253,0.9995117
PED,1,5.5868144044321335,0.99990237
PED,1,5.384118190212373,0.9998047
PED,0,0.0,0.10764313
PED,1,5.917100646352724,0.99990237
PED,1,6.717931671283472,0.99960935
PED,1,6.512520775623269,0.9998047
PED,1,6.241052631578947,0.9994141
PED,1,6.132465373961219,0.99970704
PED,1,7.031024930747923,0.99960935
PED,1,8.750323176361958,0.99990237
PED,1,10.443379501385042,0.9998047
PED,1,11.49034164358264,0.9998047
PED,1,0.06153277931671284,0.38253173
PED,0,0.0,0.29740602
PED,1,0.13935364727608496,0.47556153
PED,0,0.0,0.24422607
PED,0,0.0,0.10301666
PED,0,0.0,0.12639618
PED,0,0.0,0.5263672
PED,0,0.0,0.024593735
PED,0,0.0,0.18909912
PED,0,0.0,0.25637206
PED,0,0.0,0.7390625
PED,1,0.20903047091412744,0.7119629
PED,1,0.2642289935364728,0.8834961
PED,0,0.0,0.9060547
PED,0,0.0,0.8743164
PED,0,0.0,0.69199216
PED,1,1.221606648199446,0.8828125
PED,1,1.793499538319483,0.83671874
PED,0,0.0,0.02324028
PED,1,2.2767128347183747,0.8673828
PED,1,3.1843213296398893,0.8834961
PED,1,3.0332040627885504,0.9866211
PED,1,3.0884025854108956,0.9857422
PED,1,2.58528162511542,0.9899414
PED,1,2.8766574330563253,0.98525393
PED,1,2.5083656509695293,0.9621094
PED,1,2.279427516158818,0.84296876
PED,0,0.0,0.063287355
PED,1,2.810600184672207,0.9518555
PED,0,0.0,0.56098634
PED,0,0.0,0.5875
PED,0,0.0,0.7512695
PED,0,0.0,0.41970214
PED,0,0.0,0.19992676
PED,0,0.0,0.3619873
PED,0,0.0,0.02229805
PED,1,0.4262049861495845,0.44415283
PED,0,0.0,0.5654785
PED,0,0.0,0.5178955
PED,0,0.0,0.5434326
PED,0,0.0,0.3027954
PED,0,0.0,0.23715821
PED,0,0.0,0.08422241
PED,0,0.0,0.09164734
PED,0,0.0,0.085861206
PED,0,0.0,0.064352416
PED,0,0.0,0.010585594
PED,0,0.0,0.05932312
PED,1,0.0814404432132964,0.11124878
PED,1,0.1511172668513389,0.2842041
PED,1,0.09320406278855033,0.36099854
PED,0,0.0,0.25512695
PED,1,0.42439519852262236,0.43400878
PED,1,0.47144967682363803,0.6824463
PED,0,0.0,0.0037504197
PED,1,0.9908587257617729,0.9994141
PED,1,1.6586703601108033,0.99970704
PED,1,1.8749399815327794,0.9998047
PED,1,1.628808864265928,0.9994141
PED,1,2.0731117266851338,0.9998047
PED,1,2.96533702677747,0.99990237
PED,1,2.9209972299168974,0.9998047
PED,1,2.9942936288088644,0.99990237
PED,1,2.432354570637119,0.99990237
PED,1,2.315623268698061,0.99990237
PED,0,0.0,0.0013514996
PED,1,1.9771929824561405,0.9994141
PED,1,1.5573222530009234,0.9984375
PED,1,1.246943674976916,0.9993164
PED,1,1.2759002770083103,0.99970704
PED,1,1.3890120036934441,0.99960935
PED,1,1.387202216066482,0.99960935
PED,1,1.1790766389658356,0.99990237
PED,1,1.3654847645429362,0.9998047
PED,1,1.25870729455217,1.0
PED,1,1.628808864265928,0.9998047
PED,0,0.0,0.0036346435
PED,1,0.8415512465373961,0.9995117
PED,1,0.3881994459833795,0.98125
PED,0,0.0,0.018863678
PED,0,0.0,0.76958007
PED,1,0.1999815327793167,0.9932617
PED,1,0.3248568790397045,0.9975586
PED,1,0.8569344413665744,0.99970704
PED,1,0.7917820867959372,0.9988281
PED,0,0.0,0.02928772
PED,1,0.0904893813481071,0.8421875
PED,1,0.09501385041551247,0.8246582
PED,1,0.45968605724838413,0.8743164
PED,1,0.3447645429362881,0.978125
PED,1,0.29318559556786705,0.88251954
PED,1,0.3402400738688827,0.9230469
PED,1,0.29951985226223454,0.98046875
PED,1,0.34295475530932595,0.9716797
PED,1,0.10406278855032318,0.96533203
PED,1,0.07601108033240997,0.7086426
PED,0,0.0,0.04987793
PED,0,0.0,0.74609375
PED,0,0.0,0.046592712
PED,0,0.0,0.047186278
PED,0,0.0,0.17822877
PED,1,0.0751061865189289,0.6938232
PED,1,0.1031578947368421,0.739209
PED,1,0.2850415512465374,0.9267578
PED,1,0.10768236380424746,0.9667969
PED,0,0.0,0.31354982
PED,1,0.28323176361957525,0.43608397
PED,1,0.2388919667590028,0.8131836
PED,1,0.06967682363804248,0.7834961
PED,0,0.0,0.4100403
PED,1,0.1004432132963989,0.6904297
PED,0,0.0,0.28845215
PED,0,0.0,0.38596192
PED,0,0.0,0.38251954
PED,0,0.0,0.41274413
PED,0,0.0,0.6000244
PED,1,0.1511172668513389,0.96367186
PED,0,0.0,0.59892577
PED,1,0.700387811634349,0.5505371
PED,1,0.2841366574330563,0.51848143
PED,1,0.4768790397045245,0.88730466
PED,1,0.3501939058171745,0.89345706
PED,1,0.6813850415512466,0.77919924
PED,1,0.8922253000923361,0.9298828
PED,1,1.2080332409972299,0.9982422
PED,1,1.5156971375807942,0.9944336
PED,1,1.133831948291782,0.99746096
PED,1,0.3221421975992613,0.50571287
PED,1,1.2387996306555864,0.993457
PED,1,0.31761772853185594,0.9008789
PED,1,0.3040443213296399,0.94248044
PED,1,0.2904709141274238,0.97978514
PED,1,0.12397045244690674,0.96259767
PED,1,0.24522622345337028,0.9682617
PED,1,0.22350877192982457,0.9856445
PED,1,1.3374330563250232,0.99677736
PED,1,0.6687165281625116,0.94619143
PED,0,0.0,0.4321533
PED,1,0.33933518005540164,0.9043945
PED,1,2.0396306555863344,0.99921876
PED,1,1.8867036011080334,0.99921876
PED,1,1.970858725761773,0.9998047
PED,1,1.591708217913204,0.9998047
PED,1,1.957285318559557,0.9969727
PED,1,1.8125023084025855,0.9982422
PED,1,1.755493998153278,0.99902344
PED,1,1.1220683287165283,0.99550784
PED,0,0.0,0.47441405
PED,0,0.0,0.5124512
PED,0,0.0,0.5930176
PED,0,0.0,0.50942385
PED,0,0.0,0.4708496
PED,0,0.0,0.5882813
PED,0,0.0,0.61499023
PED,0,0.0,0.66245115
PED,0,0.0,0.63671875
PED,0,0.0,0.490625
PED,0,0.0,0.56816405
PED,0,0.0,0.37194824
PED,0,0.0,0.5956543
PED,1,0.8062603878116343,0.540625
PED,1,0.5700831024930748,0.5182129
PED,0,0.0,0.5550293
PED,0,0.0,0.5812012
PED,0,0.0,0.48872072
PED,0,0.0,0.5159668
PED,1,2.3943490304709143,1.0
PED,1,3.381588180978763,0.9995117
PED,1,3.0259649122807017,0.9975586
PED,1,3.779741458910434,0.9980469
PED,1,3.015106186518929,0.99912107
PED,1,3.8783748845798707,0.9993164
PED,1,4.902714681440443,0.9994141
PED,1,5.489085872576178,0.9994141
PED,1,5.574145891043398,0.9980469
PED,1,4.508180978762696,0.9998047
PED,1,4.053019390581717,0.99960935
PED,1,1.9989104339796862,1.0
PED,1,3.5200369344413667,0.9976562
PED,1,1.7744967682363804,0.99970704
PED,1,1.9536657433056326,0.9998047
PED,1,1.7862603878116343,0.9998047
PED,1,2.0459649122807018,0.99921876
PED,1,2.228753462603878,0.99970704
PED,1,1.9509510618651893,0.9994141
PED,1,2.034201292705448,0.9987305
PED,1,1.1953647276084949,0.99716794
PED,1,0.9365650969529086,0.9394531
PED,1,1.411634349030471,0.9338867
PED,1,2.468550323176362,0.9493164
PED,1,2.218799630655586,0.95351565
PED,1,1.2632317636195753,0.9388672
PED,1,0.33752539242843954,0.9022461
PED,1,1.0315789473684212,0.9607422
PED,1,1.1600738688827332,0.97978514
PED,1,1.474976915974146,0.98896486
PED,1,1.6224746075715606,0.9928711
PED,1,1.3374330563250232,0.97939456
PED,1,1.7075346260387811,0.97041017
PED,1,0.80264081255771,0.95810544
PED,0,0.0,0.8666016
PED,1,2.024247460757156,0.9183594
PED,1,2.302049861495845,0.9675781
PED,1,2.2224192059095107,0.9512695
PED,1,2.1581717451523548,0.9789063
PED,1,1.9527608494921516,0.96835935
PED,0,0.0,0.053162385
PED,0,0.0,0.20302734
PED,0,0.0,0.19935302
PED,0,0.0,0.26570433
PED,0,0.0,0.15808411
PED,0,0.0,0.07810364
PED,0,0.0,0.10012512
PED,0,0.0,0.08825531
PED,1,0.0687719298245614,0.20203248
PED,1,0.09139427516158818,0.2734375
PED,1,0.0751061865189289,0.41439208
PED,0,0.0,0.19588013
PED,1,0.055198522622345335,0.22491455
PED,0,0.0,0.15873642
PED,0,0.0,0.52319336
PED,0,0.0,0.7591797
PED,1,3.6222899353647278,0.98349607
PED,1,4.028587257617729,0.9388672
PED,1,3.7209233610341643,0.93232423
PED,1,0.9682363804247461,0.9880859
PED,1,0.4877377654662973,0.90712893
PED,0,0.0,0.9507812
PED,0,0.0,0.31626588
PED,0,0.0,0.6430664
PED,0,0.0,0.48242188
PED,0,0.0,0.75996095
PED,0,0.0,0.6479492
PED,0,0.0,0.4442505
PED,1,0.21084025854108956,0.5564941
PED,0,0.0,0.60483396
PED,1,0.33752539242843954,0.17937012
PED,1,0.6379501385041552,0.14124146
PED,0,0.0,0.10844727
PED,0,0.0,0.104840085
PED,1,0.5067405355493998,0.46875
PED,1,0.7935918744228994,0.2446167
PED,1,0.8632686980609419,0.45959473
PED,1,1.98533702677747,0.38325197
PED,1,2.3726315789473684,0.19311523
PED,1,2.772594644506002,0.23431396
PED,1,2.1844136657433055,0.19958496
PED,1,1.1265927977839336,0.09798279
PED,0,0.0,0.0010783911
PED,0,0.0,0.013979268
PED,0,0.0,0.03653841
PED,0,0.0,0.07680855
PED,0,0.0,0.09874897
PED,0,0.0,0.24764939
PED,0,0.0,0.4392212
PED,0,0.0,0.59467775
PED,1,1.3519113573407202,0.8875977
PED,1,1.284949215143121,0.9362305
PED,1,2.548180978762696,0.91328126
PED,0,0.0,0.0034136414
PED,1,2.305669436749769,0.84902346
PED,1,2.5997599261311173,0.8195801
PED,1,2.5708033240997232,0.74975586
PED,1,2.0848753462603877,0.84648436
PED,1,1.565466297322253,0.8972656
PED,1,3.8005540166204987,0.9151367
PED,1,3.1472206832871654,0.71176755
PED,1,0.7347737765466298,0.9138672
PED,1,1.9880517082179132,0.98183596
PED,1,1.6577654662973222,0.975293
PED,0,0.0,0.0042001843
PED,1,1.883084025854109,0.98515624
PED,1,1.5953277931671284,0.9958984
PED,1,1.3021421975992613,0.97685546
PED,1,0.891320406278855,0.928125
PED,1,0.9401846722068329,0.9951172
PED,0,0.0,0.009337115
PED,0,0.0,0.017284919
PED,1,0.1031578947368421,0.009008015
PED,0,0.0,0.004343259
PED,0,0.0,0.006258583
PED,0,0.0,0.0069346786
PED,1,0.3501939058171745,1.0
PED,1,0.24522622345337028,0.99296874
PED,1,0.4732594644506002,0.9848633
PED,1,0.7736842105263158,0.96171874
PED,1,0.6623822714681441,0.99208987
PED,1,0.9564727608494922,0.9993164
PED,1,0.9094182825484765,0.99990237
PED,1,0.5583194829178209,0.9994141
PED,1,0.5800369344413666,0.99921876
PED,1,0.7411080332409973,1.0
PED,1,1.0542012927054478,1.0
PED,1,2.1237857802400737,1.0
PED,1,2.1219759926131117,1.0
PED,1,1.5247460757156048,1.0
PED,1,1.3944413665743305,1.0
PED,1,1.2207017543859648,0.9986328
PED,1,0.9166574330563251,0.99716794
PED,0,0.0,0.70830077
PED,1,0.7094367497691597,0.7914551
PED,1,0.3022345337026778,0.91689456
PED,1,0.28051708217913207,0.77133787
PED,1,0.2977100646352724,0.9123047
PED,1,0.1375438596491228,0.9223633
PED,1,0.22350877192982457,0.9458984
PED,1,1.779021237303786,0.96865237
PED,1,1.4604986149584487,0.9898437
PED,1,1.3691043397968605,0.98701173
PED,1,1.6704339796860572,0.96914065
PED,0,0.0,0.4131958
PED,1,1.88398891966759,0.94033206
PED,1,1.398965835641736,0.99052733
PED,1,0.7700646352723916,0.9668945
PED,0,0.0,0.7667969
PED,0,0.0,0.76044923
PED,0,0.0,0.82236326
PED,0,0.0,0.7213379
PED,1,1.1039704524469067,0.8195801
PED,1,1.2016989843028625,0.798584
PED,1,1.0641551246537397,0.79467773
PED,0,0.0,0.5625
PED,0,0.0,0.95341796
PED,0,0.0,0.564209
PED,1,0.407202216066482,0.87226564
PED,1,0.6714312096029548,0.9548828
PED,1,0.6687165281625116,0.9482422
PED,1,0.7058171745152355,0.97685546
PED,0,0.0,0.97373044
PED,0,0.0,0.97314453
PED,0,0.0,0.95830077
PED,0,0.0,0.14777526
PED,1,6.26005540166205,0.9976562
PED,1,7.148661126500462,0.99248046
PED,1,8.756657433056326,0.99482423
PED,1,8.040886426592797,0.99785155
PED,1,10.497673130193906,0.99541014
PED,1,10.97364727608495,0.99072266
PED,1,11.9129270544783,0.9988281
PED,1,11.501200369344414,0.9995117
PED,1,8.925872576177285,0.9989258
PED,1,7.6554016620498615,0.99970704
PED,1,0.5963250230840259,0.9881836
PED,1,7.0509325946445065,0.99990237
PED,1,6.068217913204063,0.99990237
PED,1,4.784173591874423,1.0
PED,1,3.636768236380425,1.0
PED,1,1.779021237303786,0.99970704
PED,1,0.6768605724838412,0.99960935
PED,1,0.9012742382271468,0.98759764
PED,1,1.2044136657433056,0.9891602
PED,1,2.040535549399815,0.98945314
PED,1,2.7789289012003695,0.98701173
PED,1,3.475697137580794,0.9969727
PED,1,4.058448753462604,0.99130857
PED,1,5.231191135734072,0.9958008
PED,1,1.3401477377654663,0.9040039
PED,1,3.727257617728532,0.9957031
PED,1,4.634866112650046,0.9910156
PED,1,4.572428439519852,0.9951172
PED,1,5.7867959372114495,0.99736327
PED,1,4.948864265927978,0.9976562
PED,1,5.328014773776546,0.9891602
PED,1,3.7200184672206835,0.9891602
PED,1,4.541662049861496,0.9958008
PED,1,3.3010526315789472,0.99423826
PED,1,3.971578947368421,0.99208987
PED,1,1.3383379501385042,0.92871094
PED,1,4.9072391505078485,0.99365234
PED,1,3.8141274238227147,0.9857422
PED,1,4.234903047091413,0.9958008
PED,1,3.993296398891967,0.9832031
PED,1,3.8367497691597414,0.9838867
PED,1,1.6650046168051709,0.95322263
PED,1,1.335623268698061,0.993457
PED,1,1.3464819944598339,0.9821289
PED,1,1.8342197599261312,0.98339844
PED,1,2.212465373961219,0.990625
PED,1,2.5454662973222533,0.99785155
PED,1,3.2775253924284398,0.99677736
PED,0,0.0,0.5169678
PED,0,0.0,0.7758301
PED,0,0.0,0.9134766
PED,0,0.0,0.93710935
PED,1,1.4053000923361034,0.9994141
PED,1,1.2279409048938135,0.9980469
PED,1,0.8614589104339797,0.9969727
PED,1,0.7592059095106186,0.99726564
PED,1,0.5456509695290859,0.99306643
PED,1,0.3167128347183749,0.9977539
PED,1,0.8198337950138505,0.99990237
PED,0,0.0,0.9794922
PED,1,1.0650600184672208,0.99990237
PED,1,0.1031578947368421,0.9518555
PED,1,0.08867959372114496,0.99179685
PED,1,0.08686980609418282,0.9820312
PED,0,0.0,0.9680664
PED,1,0.08596491228070176,0.9986328
PED,1,0.04433979686057248,0.993457
PED,0,0.0,0.99492186
PED,0,0.0,0.8921875
PED,0,0.0,0.0025919913
PED,0,0.0,0.60166013
PED,0,0.0,0.6863281
PED,1,0.5266481994459834,0.5899414
PED,1,0.7275346260387812,0.5670166
PED,1,0.7646352723915051,0.665332
PED,1,0.5945152354570638,0.59268796
PED,1,0.2949953831948292,0.1228302
PED,1,0.22169898430286242,0.7321289
PED,1,0.2814219759926131,0.22546387
PED,1,0.6117082179132041,0.4642273
PED,1,0.7628254847645429,0.61455077
PED,1,0.3601477377654663,0.2958435
PED,1,0.27146814404432135,0.28341675
PED,0,0.0,0.015283394
PED,0,0.0,0.013152694
PED,0,0.0,0.006145096
PED,0,0.0,0.002389574
