panel,contrast,cls,metric,delta,lo,hi,p,n,p_holm
Depth,last-4 - LP,IRF,AUPRC,0.1057147854686334,-0.0409676100578208,0.2704674172632498,0.1439712057588482,,
Depth,last-4 - LP,SRF,AUPRC,0.0132119381336354,0.0007701553095237,0.0426498386439985,0.0303939212157568,,
Depth,last-4 - LP,PED,AUPRC,0.0724136666323355,0.0106660506682049,0.1652055195777325,0.0075984803039392,,
Depth,full FT - last-4,IRF,AUPRC,-0.0075925740738749,-0.0703175188475191,0.0311106849965741,0.8166366726654669,,
Depth,full FT - last-4,SRF,AUPRC,-0.0004100665595374,-0.0064985819601294,0.0038242983906482,0.989002199560088,,
Depth,full FT - last-4,PED,AUPRC,-0.0072053672374795,-0.0238747977106333,0.0029861338549711,0.1835632873425315,,
Resolution,"384 - 224, full FT",IRF,AUPRC,0.0234565136773517,-0.0051889657710625,0.0592075415994607,0.0887822435512897,,
Resolution,"384 - 224, full FT",SRF,AUPRC,-0.0059717576380529,-0.027331229193371,0.0039561336019145,0.2551489702059588,,
Resolution,"384 - 224, full FT",PED,AUPRC,-0.0145447926435626,-0.04467636733499,0.0109439679600483,0.2951409718056388,,
Resolution,"384 - 224, frozen probe",IRF,AUPRC,-0.0638122228198578,-0.195052938253159,0.0067951672577717,0.0863827234553089,,
Resolution,"384 - 224, frozen probe",SRF,AUPRC,-0.0037432820325582,-0.0539446132091166,0.0329037918947398,0.8594281143771246,,
Resolution,"384 - 224, frozen probe",PED,AUPRC,-0.0373878773571365,-0.1586049091625423,0.0520760578790554,0.7146570685862828,,
Resolution,"448 - 224, last-4",IRF,AUPRC,0.0222123715975444,-0.074360797337791,0.1107962197328439,0.7818436312737452,,
Resolution,"448 - 224, last-4",SRF,AUPRC,-0.0077751391958189,-0.0354607180285689,0.004242474964956,0.2903419316136773,,
Resolution,"448 - 224, last-4",PED,AUPRC,-0.0495701232303558,-0.1301768603021829,-0.0026886165041175,0.02999400119976,,
Encoder,"RETFound - MAE-IN1k, LP",IRF,AUPRC,0.2707101107933194,0.0389073754526649,0.486759170562037,0.0247950409918016,,0.1487702459508098
Encoder,"RETFound - MAE-IN1k, LP",SRF,AUPRC,0.0963654090736105,0.0218284001245398,0.2284673283590336,0.0003999200159968,,0.0047990401919616
Encoder,"RETFound - MAE-IN1k, LP",PED,AUPRC,0.1540271761735316,0.0260094454828335,0.2362002542322243,0.0175964807038592,,0.1231753649270146
Encoder,"RETFound - MAE-IN1k, last-4",IRF,AUPRC,0.0408423214802314,-0.0496331309278641,0.165934954095496,0.3583283343331334,,1.0
Encoder,"RETFound - MAE-IN1k, last-4",SRF,AUPRC,0.0294588674290757,0.0071899212570605,0.077500238175586,0.0003999200159968,,0.0047990401919616
Encoder,"RETFound - MAE-IN1k, last-4",PED,AUPRC,0.0878746779502287,0.0102951248868052,0.2245184101661298,0.0031993601279744,,0.0255948810237952
Encoder,"RETFound - Sup-IN21k, LP",IRF,AUPRC,0.0398379916855865,-0.1078144142859933,0.2754553628727579,0.5966806638672265,,1.0
Encoder,"RETFound - Sup-IN21k, LP",SRF,AUPRC,0.0705801646374497,0.0159521012098297,0.1682450854713634,0.0011997600479904,,0.0107978404319136
Encoder,"RETFound - Sup-IN21k, LP",PED,AUPRC,0.0879792084493577,-0.0154478330081163,0.171347235810922,0.1051789642071585,,0.4207158568286342
Encoder,"RETFound - Sup-IN21k, last-4",IRF,AUPRC,0.0126196101124432,-0.1047467990478417,0.1411914743676365,0.7178564287142571,,1.0
Encoder,"RETFound - Sup-IN21k, last-4",SRF,AUPRC,0.0459874735590165,0.0093573623704039,0.1279995377322793,0.0007998400319936,,0.007998400319936
Encoder,"RETFound - Sup-IN21k, last-4",PED,AUPRC,0.0727281376107854,0.0032492302977611,0.191701667001408,0.0287942411517696,,0.1487702459508098
Patch crossing,448 - 224 on crossing scans,IRF,recall,-0.0727272727272727,-0.2051282051282051,0.0410958904109589,,55.0,
Patch crossing,448 - 224 on crossing scans,SRF,recall,-0.0714285714285715,-0.2439159891598916,0.0666666666666666,,56.0,
Patch crossing,448 - 224 on crossing scans,PED,recall,-0.0481927710843373,-0.1847826086956521,0.1014554163596167,,83.0,
