arm,n_patients,seed,cls,auprc,auroc,recall,spec,thr
frozen_attn,15,0,IRF,0.823164674537608,0.885777450257922,0.423728813559322,0.9906832298136646,0.26
frozen_attn,15,0,SRF,0.973278710001684,0.9360975724612088,0.8013468013468014,0.986013986013986,0.26
frozen_attn,15,0,PED,0.8145589973527081,0.6611666666666667,0.9,0.2142857142857142,0.97
frozen_mean,15,0,IRF,0.6683947811909674,0.806400673755132,0.4576271186440678,0.9472049689440992,0.36
frozen_mean,15,0,SRF,0.9559035323648668,0.903887358432813,0.7542087542087542,0.8671328671328671,0.55
frozen_mean,15,0,PED,0.8344568965623501,0.6769047619047619,0.6033333333333334,0.5642857142857143,0.97
frozen_attn,15,1,IRF,0.3025908606744132,0.5786661753868828,0.0,0.9813664596273292,0.02
frozen_attn,15,1,SRF,0.9848726916320918,0.9686845141390596,0.9696969696969696,0.8601398601398601,0.97
frozen_attn,15,1,PED,0.8892888902329226,0.7943809523809524,0.8966666666666666,0.4285714285714285,0.94
frozen_mean,15,1,IRF,0.3211101503327574,0.5376355405832193,0.3220338983050847,0.7888198757763976,0.18
frozen_mean,15,1,SRF,0.9390472093461196,0.8821077911987003,0.7878787878787878,0.8601398601398601,0.9
frozen_mean,15,1,PED,0.8436033681003507,0.7216904761904761,0.34,0.9071428571428573,0.97
frozen_attn,15,2,IRF,0.7526161569853338,0.8202179176755449,0.3305084745762712,0.9906832298136646,0.02
frozen_attn,15,2,SRF,0.764793404882153,0.5631842904570178,0.3367003367003367,0.8111888111888111,0.02
frozen_attn,15,2,PED,0.8179222608485758,0.6859523809523809,0.9233333333333332,0.3285714285714285,0.02
frozen_mean,15,2,IRF,0.7176058063179369,0.778581955995368,0.4067796610169492,0.9937888198757764,0.43
frozen_mean,15,2,SRF,0.8448418122884985,0.6897647806738716,0.5488215488215489,0.7762237762237763,0.31
frozen_mean,15,2,PED,0.8150781054202537,0.7248571428571429,0.9133333333333332,0.45,0.34
frozen_attn,30,0,IRF,0.7954709566473894,0.875197389198863,0.6610169491525424,0.9472049689440992,0.02
frozen_attn,30,0,SRF,0.9845877220061048,0.9639283275646912,0.8585858585858586,0.986013986013986,0.88
frozen_attn,30,0,PED,0.8390534607922453,0.7382619047619048,0.8966666666666666,0.3,0.96
frozen_mean,30,0,IRF,0.6655247549723068,0.8429571533845669,0.7288135593220338,0.8198757763975155,0.21
frozen_mean,30,0,SRF,0.9559462069150576,0.9051588142497232,0.5993265993265994,0.986013986013986,0.93
frozen_mean,30,0,PED,0.8494853699347683,0.7137142857142857,0.6566666666666666,0.6714285714285714,0.86
frozen_attn,30,1,IRF,0.7158446423151482,0.8695125802716075,0.3050847457627119,0.9720496894409938,0.03
frozen_attn,30,1,SRF,0.9826330944258644,0.9628923265286902,0.9629629629629628,0.8181818181818182,0.95
frozen_attn,30,1,PED,0.9492764032968692,0.8982619047619048,0.98,0.5071428571428571,0.8
frozen_mean,30,1,IRF,0.543362128642395,0.7580008421939151,0.6271186440677966,0.7639751552795031,0.1
frozen_mean,30,1,SRF,0.979172517345088,0.9530032257304986,0.7070707070707071,0.9790209790209792,0.8200000000000001
frozen_mean,30,1,PED,0.9097573539103168,0.810047619047619,0.72,0.7642857142857142,0.8500000000000001
frozen_attn,30,2,IRF,0.7899682389745363,0.8900147383935152,0.5169491525423728,0.9720496894409938,0.24
frozen_attn,30,2,SRF,0.9820239253778787,0.9573120482211392,0.8484848484848485,0.972027972027972,0.47
frozen_attn,30,2,PED,0.909035167304726,0.8183809523809523,0.8666666666666667,0.5285714285714286,0.08
frozen_mean,30,2,IRF,0.65880803466648,0.7923465627960837,0.4152542372881356,0.9503105590062112,0.42
frozen_mean,30,2,SRF,0.9638151092793694,0.919568646841374,0.7878787878787878,0.951048951048951,0.5800000000000001
frozen_mean,30,2,PED,0.8645548584713633,0.7532857142857143,0.9833333333333332,0.1928571428571428,0.22
frozen_attn,60,0,IRF,0.7995788368051943,0.9009895778503002,0.652542372881356,0.953416149068323,0.21
frozen_attn,60,0,SRF,0.9833252998992096,0.957382684655412,0.8787878787878788,0.965034965034965,0.66
frozen_attn,60,0,PED,0.9494008952141252,0.8888095238095237,0.92,0.4714285714285714,0.55
frozen_mean,60,0,IRF,0.5957012339791572,0.7833192967680809,0.4406779661016949,0.9192546583850932,0.44
frozen_mean,60,0,SRF,0.9730885010626278,0.9390407572225754,0.6936026936026936,0.9790209790209792,0.78
frozen_mean,60,0,PED,0.8998579338438304,0.7924523809523809,0.7866666666666666,0.5714285714285714,0.79
frozen_attn,60,1,IRF,0.8430350418514535,0.9258869354668912,0.7542372881355932,0.9472049689440992,0.46
frozen_attn,60,1,SRF,0.9885696964962296,0.9722163358526996,0.8686868686868687,0.972027972027972,0.96
frozen_attn,60,1,PED,0.9356944606214131,0.866095238095238,0.8933333333333333,0.5928571428571429,0.93
frozen_mean,60,1,IRF,0.621536824270954,0.7980840088430361,0.7457627118644068,0.6956521739130435,0.12
frozen_mean,60,1,SRF,0.9802812124337252,0.95279131642768,0.6801346801346801,0.993006993006993,0.9
frozen_mean,60,1,PED,0.9111964807457978,0.8151428571428572,0.67,0.7785714285714286,0.87
frozen_attn,60,2,IRF,0.8045099656861421,0.8901726497526056,0.6271186440677966,0.9565217391304348,0.08
frozen_attn,60,2,SRF,0.9865650471751288,0.9683077864896048,0.8619528619528619,0.9790209790209792,0.81
frozen_attn,60,2,PED,0.8881595654065693,0.8083809523809525,0.87,0.5571428571428572,0.92
frozen_mean,60,2,IRF,0.7161288915740002,0.8403779345194232,0.6271186440677966,0.8881987577639752,0.26
frozen_mean,60,2,SRF,0.9693684370814806,0.9219467401285584,0.8013468013468014,0.958041958041958,0.67
frozen_mean,60,2,PED,0.8692771629294062,0.774595238095238,0.9266666666666666,0.3214285714285714,0.36
frozen_attn,118,0,IRF,0.8109076818767865,0.8919886303821455,0.711864406779661,0.9440993788819876,0.02
frozen_attn,118,1,IRF,0.8015032709720173,0.8881198020844299,0.7033898305084746,0.9440993788819876,0.03
frozen_attn,118,2,IRF,0.8060359356902383,0.8874618380882198,0.6949152542372882,0.9440993788819876,0.03
frozen_attn,118,0,SRF,0.9843361031876612,0.960161051070142,0.8754208754208754,0.972027972027972,0.27
frozen_attn,118,1,SRF,0.9840847226683176,0.9609145063690518,0.8585858585858586,0.9790209790209792,0.75
frozen_attn,118,2,SRF,0.9823162647336164,0.9543924089378636,0.8787878787878788,0.9790209790209792,0.07
frozen_attn,118,0,PED,0.966012174502181,0.9304285714285714,0.9133333333333332,0.7571428571428571,0.98
frozen_attn,118,1,PED,0.9589302040109176,0.9170714285714286,0.9066666666666666,0.75,0.74
frozen_attn,118,2,PED,0.9595818052567682,0.9201904761904762,0.9166666666666666,0.7571428571428571,0.92
frozen_mean,118,0,IRF,0.7071402587099167,0.838219812611854,0.5677966101694916,0.9099378881987578,0.4
frozen_mean,118,1,IRF,0.7071402587099167,0.838219812611854,0.5677966101694916,0.9099378881987578,0.4
frozen_mean,118,2,IRF,0.7071402587099167,0.838219812611854,0.5677966101694916,0.9099378881987578,0.4
frozen_mean,118,0,SRF,0.9705839120982626,0.9302112029384756,0.7373737373737373,0.9790209790209792,0.77
frozen_mean,118,1,SRF,0.9705839120982626,0.9302112029384756,0.7373737373737373,0.9790209790209792,0.77
frozen_mean,118,2,SRF,0.9705839120982626,0.9302112029384756,0.7373737373737373,0.9790209790209792,0.77
frozen_mean,118,0,PED,0.919403568844128,0.825047619047619,0.7866666666666666,0.6214285714285714,0.78
frozen_mean,118,1,PED,0.919403568844128,0.825047619047619,0.7866666666666666,0.6214285714285714,0.78
frozen_mean,118,2,PED,0.919403568844128,0.825047619047619,0.7866666666666666,0.6214285714285714,0.78
last4_mean,15,0,IRF,0.8073876323848657,0.8938572481313822,0.7457627118644068,0.8819875776397516,0.05
last4_mean,15,0,SRF,0.978012204603846,0.9507193143556779,0.5892255892255892,0.993006993006993,0.98
last4_mean,15,0,PED,0.8633723424229458,0.7336309523809523,0.9,0.32857142857142857,0.7100000000000001
last4_mean,15,1,IRF,0.2450982175112318,0.4800768501947573,0.025423728813559324,0.8726708074534162,0.13999999999999999
last4_mean,15,1,SRF,0.9334337229787153,0.8938569847660757,0.8821548821548821,0.7972027972027972,0.91
last4_mean,15,1,PED,0.889726241530935,0.8165833333333333,0.5366666666666666,0.8714285714285714,0.8400000000000001
last4_mean,15,2,IRF,0.7285919818746611,0.8129803137172333,0.4322033898305085,0.9813664596273292,0.46
last4_mean,15,2,SRF,0.8039045179561509,0.6544936544936545,0.367003367003367,0.8811188811188811,0.5700000000000001
last4_mean,15,2,PED,0.815611477630433,0.7345238095238095,0.6033333333333334,0.7785714285714286,0.67
last4_mean,30,0,IRF,0.787772334883916,0.8566428045057375,0.6016949152542372,0.9440993788819876,0.30000000000000004
last4_mean,30,0,SRF,0.984085686788639,0.9605730969367332,0.9393939393939394,0.9090909090909091,0.41000000000000003
last4_mean,30,0,PED,0.8735499531544326,0.7762857142857142,0.7866666666666666,0.5714285714285714,0.76
last4_mean,30,1,IRF,0.4487474745812101,0.7733182440256869,0.5,0.84472049689441,0.12000000000000001
last4_mean,30,1,SRF,0.9824081597782237,0.9619505074050528,0.797979797979798,0.9790209790209791,0.93
last4_mean,30,1,PED,0.9483655712772882,0.8994642857142857,0.65,0.9285714285714286,0.93
last4_mean,30,2,IRF,0.6836374119517855,0.8420096852300242,0.423728813559322,0.9751552795031055,0.66
last4_mean,30,2,SRF,0.9605019596824499,0.921687739869558,0.9158249158249159,0.8321678321678322,0.08
last4_mean,30,2,PED,0.9146047867963233,0.8434404761904762,0.7066666666666667,0.8214285714285714,0.93
last4_mean,60,0,IRF,0.7617939110786406,0.8806058532477103,0.7966101694915254,0.8664596273291926,0.12000000000000001
last4_mean,60,0,SRF,0.9826573378589679,0.9587954133408678,0.8720538720538721,0.9790209790209791,0.5
last4_mean,60,0,PED,0.9605229808423037,0.9105595238095239,0.85,0.8285714285714286,0.8200000000000001
last4_mean,60,1,IRF,0.7786110552909782,0.8922649752605537,0.7796610169491526,0.9192546583850931,0.22
last4_mean,60,1,SRF,0.9839545069114325,0.9615855524946434,0.8080808080808081,0.9790209790209791,0.9500000000000001
last4_mean,60,1,PED,0.9619313174721046,0.9172738095238094,0.7866666666666666,0.9142857142857143,0.8400000000000001
last4_mean,60,2,IRF,0.7636826782750412,0.8639330455837455,0.635593220338983,0.9285714285714286,0.29000000000000004
last4_mean,60,2,SRF,0.9782017500281391,0.9475053565962657,0.8653198653198653,0.972027972027972,0.65
last4_mean,60,2,PED,0.9507634562846552,0.8925952380952382,0.8266666666666667,0.7714285714285715,0.73
last4_mean,118,0,IRF,0.7906341980612468,0.8932256026950205,0.7627118644067796,0.9006211180124224,0.16
last4_mean,118,0,SRF,0.9845604767820557,0.9615973252336889,0.8249158249158249,0.986013986013986,0.8
last4_mean,118,0,PED,0.9595376013195611,0.9100119047619049,0.8033333333333333,0.9,0.8300000000000001
last4_mean,118,1,IRF,0.7910995074142522,0.8912780292662386,0.7372881355932204,0.9037267080745341,0.24
last4_mean,118,1,SRF,0.9838235849013146,0.9579948670857763,0.8181818181818182,0.986013986013986,0.8500000000000001
last4_mean,118,1,PED,0.9687980531313158,0.929702380952381,0.8233333333333334,0.9071428571428571,0.91
last4_mean,118,2,IRF,0.7698045132232999,0.8876197494473103,0.788135593220339,0.8074534161490683,0.07
last4_mean,118,2,SRF,0.9839442518860027,0.9605966424148243,0.8047138047138047,0.9790209790209791,0.8500000000000001
last4_mean,118,2,PED,0.9624506508371671,0.9161666666666666,0.8033333333333333,0.8857142857142857,0.8500000000000001
