arm,pool,n_patients,seed,cls,n_train_scans,auprc,auroc,recall,spec,thr,L,lr,wd,epochs
frozen_attn,attn,15,0,IRF,341,0.823164674537608,0.885777450257922,0.423728813559322,0.9906832298136646,0.26,64,0.001,0.001,39
frozen_attn,attn,15,0,SRF,341,0.973278710001684,0.9360975724612088,0.8013468013468014,0.986013986013986,0.26,32,0.003,0.001,433
frozen_attn,attn,15,0,PED,341,0.8145589973527081,0.6611666666666667,0.9,0.21428571428571427,0.9700000000000001,32,0.003,0.001,236
frozen_mean,mean,15,0,IRF,341,0.6683947811909674,0.806400673755132,0.4576271186440678,0.9472049689440993,0.36000000000000004,64,0.001,0.001,39
frozen_mean,mean,15,0,SRF,341,0.9559035323648668,0.903887358432813,0.7542087542087542,0.8671328671328671,0.55,32,0.003,0.001,433
frozen_mean,mean,15,0,PED,341,0.8344568965623501,0.6769047619047619,0.6033333333333334,0.5642857142857143,0.9700000000000001,32,0.003,0.001,236
frozen_attn,attn,15,1,IRF,279,0.30259086067441326,0.5786661753868828,0.0,0.9813664596273292,0.02,64,0.001,0.001,39
frozen_attn,attn,15,1,SRF,279,0.9848726916320918,0.9686845141390596,0.9696969696969697,0.8601398601398601,0.9700000000000001,32,0.003,0.001,433
frozen_attn,attn,15,1,PED,279,0.8892888902329226,0.7943809523809524,0.8966666666666666,0.42857142857142855,0.9400000000000001,32,0.003,0.001,236
frozen_mean,mean,15,1,IRF,279,0.3211101503327574,0.5376355405832193,0.3220338983050847,0.7888198757763976,0.18,64,0.001,0.001,39
frozen_mean,mean,15,1,SRF,279,0.9390472093461197,0.8821077911987003,0.7878787878787878,0.8601398601398601,0.9,32,0.003,0.001,433
frozen_mean,mean,15,1,PED,279,0.8436033681003507,0.7216904761904761,0.34,0.9071428571428571,0.9700000000000001,32,0.003,0.001,236
frozen_attn,attn,15,2,IRF,298,0.7526161569853338,0.8202179176755449,0.3305084745762712,0.9906832298136646,0.02,64,0.001,0.001,39
frozen_attn,attn,15,2,SRF,298,0.764793404882153,0.5631842904570178,0.3367003367003367,0.8111888111888111,0.02,32,0.003,0.001,433
frozen_attn,attn,15,2,PED,298,0.8179222608485758,0.6859523809523809,0.9233333333333333,0.32857142857142857,0.02,32,0.003,0.001,236
frozen_mean,mean,15,2,IRF,298,0.7176058063179369,0.778581955995368,0.4067796610169492,0.9937888198757764,0.43000000000000005,64,0.001,0.001,39
frozen_mean,mean,15,2,SRF,298,0.8448418122884985,0.6897647806738716,0.5488215488215489,0.7762237762237763,0.31,32,0.003,0.001,433
frozen_mean,mean,15,2,PED,298,0.8150781054202537,0.7248571428571429,0.9133333333333333,0.45,0.34,32,0.003,0.001,236
frozen_attn,attn,30,0,IRF,631,0.7954709566473894,0.875197389198863,0.6610169491525424,0.9472049689440993,0.02,64,0.001,0.001,20
frozen_attn,attn,30,0,SRF,631,0.9845877220061048,0.9639283275646913,0.8585858585858586,0.986013986013986,0.88,32,0.003,0.001,216
frozen_attn,attn,30,0,PED,631,0.8390534607922453,0.7382619047619048,0.8966666666666666,0.3,0.9600000000000001,32,0.003,0.001,118
frozen_mean,mean,30,0,IRF,631,0.6655247549723068,0.8429571533845669,0.7288135593220338,0.8198757763975155,0.21,64,0.001,0.001,20
frozen_mean,mean,30,0,SRF,631,0.9559462069150575,0.9051588142497232,0.5993265993265994,0.986013986013986,0.93,32,0.003,0.001,216
frozen_mean,mean,30,0,PED,631,0.8494853699347683,0.7137142857142857,0.6566666666666666,0.6714285714285714,0.86,32,0.003,0.001,118
frozen_attn,attn,30,1,IRF,649,0.7158446423151482,0.8695125802716075,0.3050847457627119,0.9720496894409938,0.03,64,0.001,0.001,20
frozen_attn,attn,30,1,SRF,649,0.9826330944258643,0.9628923265286902,0.9629629629629629,0.8181818181818182,0.9500000000000001,32,0.003,0.001,216
frozen_attn,attn,30,1,PED,649,0.9492764032968692,0.8982619047619048,0.98,0.5071428571428571,0.8,32,0.003,0.001,118
frozen_mean,mean,30,1,IRF,649,0.543362128642395,0.7580008421939151,0.6271186440677966,0.7639751552795031,0.1,64,0.001,0.001,20
frozen_mean,mean,30,1,SRF,649,0.979172517345088,0.9530032257304986,0.7070707070707071,0.9790209790209791,0.8200000000000001,32,0.003,0.001,216
frozen_mean,mean,30,1,PED,649,0.9097573539103168,0.810047619047619,0.72,0.7642857142857142,0.8500000000000001,32,0.003,0.001,118
frozen_attn,attn,30,2,IRF,684,0.7899682389745363,0.8900147383935152,0.5169491525423728,0.9720496894409938,0.24,64,0.001,0.001,20
frozen_attn,attn,30,2,SRF,684,0.9820239253778787,0.9573120482211391,0.8484848484848485,0.972027972027972,0.47000000000000003,32,0.003,0.001,216
frozen_attn,attn,30,2,PED,684,0.9090351673047259,0.8183809523809523,0.8666666666666667,0.5285714285714286,0.08,32,0.003,0.001,118
frozen_mean,mean,30,2,IRF,684,0.65880803466648,0.7923465627960837,0.4152542372881356,0.9503105590062112,0.42000000000000004,64,0.001,0.001,20
frozen_mean,mean,30,2,SRF,684,0.9638151092793694,0.9195686468413741,0.7878787878787878,0.951048951048951,0.5800000000000001,32,0.003,0.001,216
frozen_mean,mean,30,2,PED,684,0.8645548584713633,0.7532857142857143,0.9833333333333333,0.19285714285714287,0.22,32,0.003,0.001,118
frozen_attn,attn,60,0,IRF,1352,0.7995788368051943,0.9009895778503002,0.652542372881356,0.953416149068323,0.21,64,0.001,0.001,10
frozen_attn,attn,60,0,SRF,1352,0.9833252998992097,0.957382684655412,0.8787878787878788,0.965034965034965,0.66,32,0.003,0.001,108
frozen_attn,attn,60,0,PED,1352,0.9494008952141253,0.8888095238095237,0.92,0.4714285714285714,0.55,32,0.003,0.001,59
frozen_mean,mean,60,0,IRF,1352,0.5957012339791572,0.7833192967680809,0.4406779661016949,0.9192546583850931,0.44,64,0.001,0.001,10
frozen_mean,mean,60,0,SRF,1352,0.9730885010626278,0.9390407572225754,0.6936026936026936,0.9790209790209791,0.78,32,0.003,0.001,108
frozen_mean,mean,60,0,PED,1352,0.8998579338438304,0.7924523809523809,0.7866666666666666,0.5714285714285714,0.79,32,0.003,0.001,59
frozen_attn,attn,60,1,IRF,1298,0.8430350418514535,0.9258869354668913,0.7542372881355932,0.9472049689440993,0.46,64,0.001,0.001,10
frozen_attn,attn,60,1,SRF,1298,0.9885696964962295,0.9722163358526996,0.8686868686868687,0.972027972027972,0.9600000000000001,32,0.003,0.001,108
frozen_attn,attn,60,1,PED,1298,0.9356944606214133,0.866095238095238,0.8933333333333333,0.5928571428571429,0.93,32,0.003,0.001,59
frozen_mean,mean,60,1,IRF,1298,0.621536824270954,0.7980840088430361,0.7457627118644068,0.6956521739130435,0.12000000000000001,64,0.001,0.001,10
frozen_mean,mean,60,1,SRF,1298,0.9802812124337253,0.95279131642768,0.6801346801346801,0.993006993006993,0.9,32,0.003,0.001,108
frozen_mean,mean,60,1,PED,1298,0.9111964807457978,0.8151428571428572,0.67,0.7785714285714286,0.87,32,0.003,0.001,59
frozen_attn,attn,60,2,IRF,1286,0.8045099656861421,0.8901726497526056,0.6271186440677966,0.9565217391304348,0.08,64,0.001,0.001,10
frozen_attn,attn,60,2,SRF,1286,0.9865650471751289,0.9683077864896047,0.8619528619528619,0.9790209790209791,0.81,32,0.003,0.001,108
frozen_attn,attn,60,2,PED,1286,0.8881595654065693,0.8083809523809525,0.87,0.5571428571428572,0.92,32,0.003,0.001,59
frozen_mean,mean,60,2,IRF,1286,0.7161288915740002,0.8403779345194232,0.6271186440677966,0.8881987577639752,0.26,64,0.001,0.001,10
frozen_mean,mean,60,2,SRF,1286,0.9693684370814806,0.9219467401285583,0.8013468013468014,0.958041958041958,0.67,32,0.003,0.001,108
frozen_mean,mean,60,2,PED,1286,0.8692771629294062,0.774595238095238,0.9266666666666666,0.32142857142857145,0.36000000000000004,32,0.003,0.001,59
frozen_attn,attn,118,0,IRF,2609,0.8109076818767865,0.8919886303821455,0.711864406779661,0.9440993788819876,0.02,64,0.001,0.001,5
frozen_attn,attn,118,0,SRF,2609,0.9848690346045927,0.9618092345365074,0.8686868686868687,0.9790209790209791,0.8200000000000001,32,0.003,0.001,55
frozen_attn,attn,118,0,PED,2609,0.962417590308613,0.922547619047619,0.9033333333333333,0.7642857142857142,0.91,32,0.003,0.001,30
frozen_mean,mean,118,0,IRF,2609,0.7071402587099167,0.838219812611854,0.5677966101694916,0.9099378881987578,0.4,64,0.001,0.001,5
frozen_mean,mean,118,0,SRF,2609,0.9705839120982626,0.9302112029384757,0.7373737373737373,0.9790209790209791,0.77,32,0.003,0.001,55
frozen_mean,mean,118,0,PED,2609,0.919387023524617,0.8250238095238094,0.7866666666666666,0.6214285714285714,0.78,32,0.003,0.001,30
frozen_attn,attn,118,1,IRF,2609,0.8015032709720173,0.8881198020844299,0.7033898305084746,0.9440993788819876,0.03,64,0.001,0.001,5
frozen_attn,attn,118,1,SRF,2609,0.9838699754138134,0.957735866826776,0.8720538720538721,0.9790209790209791,0.8400000000000001,32,0.003,0.001,55
frozen_attn,attn,118,1,PED,2609,0.9677098281122016,0.9333571428571429,0.92,0.7714285714285715,0.91,32,0.003,0.001,30
frozen_mean,mean,118,1,IRF,2609,0.7071402587099167,0.838219812611854,0.5677966101694916,0.9099378881987578,0.4,64,0.001,0.001,5
frozen_mean,mean,118,1,SRF,2609,0.9705839120982626,0.9302112029384757,0.7373737373737373,0.9790209790209791,0.77,32,0.003,0.001,55
frozen_mean,mean,118,1,PED,2609,0.919387023524617,0.8250238095238094,0.7866666666666666,0.6214285714285714,0.78,32,0.003,0.001,30
frozen_attn,attn,118,2,IRF,2609,0.8060359356902383,0.8874618380882198,0.6949152542372882,0.9440993788819876,0.03,64,0.001,0.001,5
